id,sourceOrder,scene,sceneOrder,dataRoot,classification,contentClassification,isRepeatedPayload,assetPath,canonicalElementId,payloadSha256,intrinsicWidth,intrinsicHeight,leftPercent,topPercent,widthPercent,heightPercent,classes
opening-image-001,1,opening,1,2,decorative-artwork,decorative-artwork,false,assets/images/opening/top-floral-garland-8213bbc2.png,opening-image-001,8213bbc24a04a823c29065d422c477ba477ba9e86fed6cdaa746048857a9bb1b,432,146,13.903424,0,85.993016,19.031037,el from-top
opening-image-002,2,opening,2,3,decorative-artwork,decorative-artwork,false,assets/images/opening/pink-oval-frame-75a621b7.png,opening-image-002,75a621b7a0e61212ca0c56ad02c2291541aa641d9af77f5091da0c716d8583d1,282,377,25.042594,22.336167,56.13329,49.155903,el hero-rise
opening-image-003,3,opening,3,4,text-fragment,text-fragment,false,assets/images/opening/lara-name-artwork-531793e0.png,opening-image-003,531793e0e44756980b75a1dbbaa401b28ed1b8a5732c32e2d871ab758429ac6d,152,90,36.90977,47.471878,30.271377,11.719043,el hero-rise
opening-image-004,4,opening,4,5,text-fragment,text-fragment,false,assets/images/opening/engaged-strapline-b10eacf1.png,opening-image-004,b10eacf14b8e6db0ccc031b61a2b7dfcaa2ac8128b50228e6b6a313ff299e93d,160,46,37.288362,25.669695,31.931722,6.036489,el hero-rise
opening-image-005,5,opening,5,6,decorative-artwork,decorative-artwork,false,assets/images/opening/watercolor-heart-3e25f248.png,opening-image-005,3e25f248291a085e25774fc1a6992196fbd31a9320103a0ce56c11d786070f38,37,42,49.867314,29.150432,7.365584,5.468712,el hero-pop
opening-image-006,6,opening,6,7,text-fragment,text-fragment,false,assets/images/opening/ampersand-artwork-3b5665c6.png,opening-image-006,3b5665c6f7ad8a76d2847a5eef1bf8a0a62f04e89279123109c85fdeddbf9a68,37,37,49.921284,42.695326,7.311414,4.817352,el hero-pop
opening-image-007,7,opening,7,8,decorative-artwork,decorative-artwork,false,assets/images/opening/heart-divider-21b3e2bc.png,opening-image-007,21b3e2bc7cb54b0009773b8632cb01e9295bd5d2d10efce1a8d9d830627f0214,98,33,44.092849,58.31845,19.507453,4.296838,el hero-pop
opening-image-008,8,opening,8,9,decorative-artwork,decorative-artwork,false,assets/images/opening/bottom-left-floral-spray-fdbf2491.png,opening-image-008,fdbf249133fb4a75fdb8d072c4d78c61b7f55091ee2f54dc2e6da8811a820009,195,262,0.531077,0.276828,38.815274,34.161081,el from-left
opening-image-009,9,opening,9,10,meaningful-artwork,meaningful-artwork,false,assets/images/opening/nile-watercolor-6385927b.png,opening-image-009,6385927bc4055ab6d10be4cdb6bcfd5bccb1c8ff2ea3e3cb609bca7c65d6168f,500,218,0.406606,71.537665,99.529101,28.462335,el from-bottom
opening-image-010,10,opening,10,11,decorative-artwork,decorative-artwork,false,assets/images/opening/left-floral-border-67005ac5.png,opening-image-010,67005ac559119b66e52a0b8adb8e97799d2d5023ce0012f9694c9c57c6b8e6e2,111,620,77.802816,19.035988,22.154864,80.720404,el from-right
opening-image-011,11,opening,11,12,text-fragment,text-fragment,false,assets/images/opening/youssef-name-artwork-ee0d06fd.png,opening-image-011,ee0d06fd4edb85133ae8916cd354173902a2df4a13c514512bb171f97479b691,156,88,37.511414,32.410617,30.997492,11.455112,el hero-rise
opening-image-012,12,opening,12,13,decorative-artwork,decorative-artwork,false,assets/images/opening/right-floral-border-a31743c9.png,opening-image-012,a31743c932692f91e9aada4e830d17790360868dac0aa178723219cd98fb43c6,109,544,0,29.110308,21.656979,70.867937,el from-left
opening-image-013,13,opening,13,20,meaningful-artwork,meaningful-artwork,false,assets/images/opening/sailboat-791234f6.png,opening-image-013,791234f6f176aeb3b81bc1d01dee931f9d913d14ebfbc93cc4ff6d74a4a85743,111,213,59.405984,69.263898,22.095715,27.735027,el boat
opening-image-014,14,opening,14,,decorative-artwork,decorative-artwork,false,assets/images/opening/hummingbird-1e6a7357.gif,opening-image-014,1e6a735732bc1a5bb3e06daf8c1ee813861f5f9b499f77ea4f3ffa99a03b9fc8,480,480,NaN,NaN,NaN,NaN,correct-bird
opening-image-015,15,opening,15,,repeated-payload,decorative-artwork,true,assets/images/opening/hummingbird-1e6a7357.gif,opening-image-014,1e6a735732bc1a5bb3e06daf8c1ee813861f5f9b499f77ea4f3ffa99a03b9fc8,480,480,NaN,NaN,NaN,NaN,correct-bird
opening-image-016,16,opening,16,,repeated-payload,decorative-artwork,true,assets/images/opening/hummingbird-1e6a7357.gif,opening-image-014,1e6a735732bc1a5bb3e06daf8c1ee813861f5f9b499f77ea4f3ffa99a03b9fc8,480,480,NaN,NaN,NaN,NaN,correct-bird
opening-image-017,17,opening,17,,repeated-payload,decorative-artwork,true,assets/images/opening/hummingbird-1e6a7357.gif,opening-image-014,1e6a735732bc1a5bb3e06daf8c1ee813861f5f9b499f77ea4f3ffa99a03b9fc8,480,480,NaN,NaN,NaN,NaN,correct-bird
opening-image-018,18,opening,18,,repeated-payload,decorative-artwork,true,assets/images/opening/hummingbird-1e6a7357.gif,opening-image-014,1e6a735732bc1a5bb3e06daf8c1ee813861f5f9b499f77ea4f3ffa99a03b9fc8,480,480,NaN,NaN,NaN,NaN,correct-bird
opening-image-019,19,opening,19,,repeated-payload,decorative-artwork,true,assets/images/opening/hummingbird-1e6a7357.gif,opening-image-014,1e6a735732bc1a5bb3e06daf8c1ee813861f5f9b499f77ea4f3ffa99a03b9fc8,480,480,NaN,NaN,NaN,NaN,correct-bird
invitation-image-001,20,invitation,1,23,decorative-artwork,decorative-artwork,false,assets/images/invitation/top-right-floral-corner-dde70e5d.png,invitation-image-001,dde70e5d1fec45be1948d5d524202bb129de97af394154d9627efd0c0f999639,212,308,55.767444,59.561635,42.199694,40.104087,el
invitation-image-002,21,invitation,2,24,decorative-artwork,decorative-artwork,false,assets/images/invitation/left-floral-corner-27721d43.png,invitation-image-002,27721d43d02efbb94a742173d3b986e67634b41e5dfe20c4a3c32804a74570be,164,400,0.03423,47.917929,32.611434,52.063312,el
invitation-image-003,22,invitation,3,25,decorative-artwork,decorative-artwork,false,assets/images/invitation/upper-floral-spray-333dac5c.png,invitation-image-003,333dac5c24d95a3af5786f732c3e3e6e1da6a6a4488056992255a0f1fdf84e41,142,189,69.594294,0.846768,28.265898,24.664778,el
invitation-image-004,23,invitation,4,26,decorative-artwork,decorative-artwork,false,assets/images/invitation/center-floral-spray-018befc3.png,invitation-image-004,018befc3683ad69d5a39cdb487ffddced6ff7b32fc3a939f8b72e6d06c2fb8db,195,262,0.531077,0.193454,38.815274,34.176584,el
invitation-image-005,24,invitation,5,,decorative-artwork,decorative-artwork,false,assets/images/invitation/closed-envelope-paper-1038a178.png,invitation-image-005,1038a178ae0ac4d519e5b0939ed99279ccc9e1c554b03dd4f4895c6d96e4b4f3,4345,3096,NaN,NaN,NaN,NaN,actual-envelope-paper env-paper-piece
invitation-image-006,25,invitation,6,,text-fragment,text-fragment,false,assets/images/invitation/youre-invited-lettering-b248092f.svg,invitation-image-006,b248092fb771ef55914d1366849b724b1327968133055f7f0996b98dcd572c05,264,190,NaN,NaN,NaN,NaN,actual-envelope-text env-paper-piece
invitation-image-007,26,invitation,7,,decorative-artwork,decorative-artwork,false,assets/images/invitation/wax-seal-a0a76485.png,invitation-image-007,a0a764855b1b64a870dfafeef092b66f7f7a02214b147137af415c1c4bed331c,1736,1667,NaN,NaN,NaN,NaN,actual-envelope-seal
invitation-image-008,27,invitation,8,27,decorative-artwork,decorative-artwork,false,assets/images/invitation/open-envelope-back-6820e826.png,invitation-image-008,6820e826ae3990955f1aa5cd6d68a99a80460f79c29e1e15176b810ddd0ed003,347,445,18.969399,30.09803,69.189414,57.942485,el
invitation-image-009,28,invitation,9,39,meaningful-artwork,meaningful-artwork,false,assets/images/invitation/couple-polaroid-bcf90605.png,invitation-image-009,bcf906053a3fb1bba1ca52508824b1d760bfee40b21a4dc652d167c1943af46d,347,162,18.969399,66.951962,69.189414,21.086729,el
invitation-image-010,29,invitation,10,28,decorative-artwork,decorative-artwork,false,assets/images/invitation/left-photo-backing-d968a189.png,invitation-image-010,d968a189e5bdbfe47bfdd572183e6a8bf9d88a3c4389eb4c29c12726a5cbfde1,158,172,55.729007,32.913206,31.439414,22.426966,el
invitation-image-011,30,invitation,11,29,meaningful-artwork,meaningful-artwork,false,assets/images/invitation/couple-photo-stairs-80d43926.png,invitation-image-011,80d43926fb6608cb305f646b049ce38f7d70ee390c17e814fc9e512298c8eeaf,136,133,58.476932,33.951474,27.016208,17.271715,el
invitation-image-012,31,invitation,12,30,decorative-artwork,decorative-artwork,false,assets/images/invitation/right-photo-backing-f8bf212c.png,invitation-image-012,f8bf212c77d212a16a9ce5a8a76c14546522e568a4fe799c9901fd5c7f160aec,149,172,55.734385,32.922325,29.767916,22.439082,el
invitation-image-013,32,invitation,13,31,decorative-artwork,decorative-artwork,false,assets/images/invitation/right-photo-overlay-cd55e2a2.png,invitation-image-013,cd55e2a23b7d9be2b654ffe771f4cd101a59300758a4cbb7e2b83d84836a78bf,145,172,58.386516,32.915812,28.901796,22.442859,el
invitation-image-014,33,invitation,14,32,decorative-artwork,decorative-artwork,false,assets/images/invitation/invitation-card-pink-fill-b3bde139.png,invitation-image-014,b3bde13987fa69b8c9220c7087289da2be68892a80938b3332b0495d1618013c,302,342,34.87163,5.987559,60.211561,44.547403,el
invitation-image-015,34,invitation,15,40,decorative-artwork,decorative-artwork,false,assets/images/invitation/calla-lilies-03f2f559.png,invitation-image-015,03f2f5597eea4a2df04601e50aa99d37e2380b2f969bcb1d59bffa31bb3eae52,128,166,61.870512,47.630028,25.441499,21.61433,el
invitation-image-016,35,invitation,16,41,decorative-artwork,decorative-artwork,false,assets/images/invitation/hanging-amaranthus-062717a4.png,invitation-image-016,062717a4837187dbbdcdeae73cb8f8a4f9bad0edd2924c4d5421123545a89632,185,227,55.098088,60.424035,36.77813,29.52835,el
invitation-image-017,36,invitation,17,42,decorative-artwork,decorative-artwork,false,assets/images/invitation/bouquet-ee7bd945.png,invitation-image-017,ee7bd9452daea2b1bbd1728e1a6861b2cf643b44ffd948d5e39781af04d1aebb,149,114,55.23192,61.317701,29.740234,14.843446,el
invitation-image-018,37,invitation,18,33,decorative-artwork,decorative-artwork,false,assets/images/invitation/invitation-card-lace-frame-f5091bbc.png,invitation-image-018,f5091bbccb9a404e35888eaf451faaf75fd100b008aae047d2d6354eb13444bf,249,307,15.705149,31.705585,49.638088,40.030744,el
invitation-image-019,38,invitation,19,34,decorative-artwork,decorative-artwork,false,assets/images/invitation/open-envelope-front-34ef9ef7.png,invitation-image-019,34ef9ef7aecc2e38ae605140a4c186c06240384db7cdba048b55bfaa07425e19,323,381,8.381009,26.914965,64.326278,49.632959,el
invitation-image-020,39,invitation,20,,text-fragment,text-fragment,false,assets/images/invitation/orange-couple-title-7bb2e486.png,invitation-image-020,7bb2e486c9773f638840a0d9a1dc03591f2ee6053d715f7dcfec0a8db35eaf5b,1304,863,21.863303,15.489334,37.101317,16.06468,exact-orange-title
celebration-image-001,40,celebration,1,60,decorative-artwork,decorative-artwork,false,assets/images/celebration/top-right-floral-corner-b389ef0e.png,celebration-image-001,b389ef0e4c56eda7927151057d0af6cb85befc1cd921659ff03d351a8508f905,212,308,55.767444,59.562938,42.199694,40.104087,el from-right
celebration-image-002,41,celebration,2,61,decorative-artwork,decorative-artwork,false,assets/images/celebration/right-floral-spray-ede374e5.png,celebration-image-002,ede374e5b3ed13df9bd9544bf0166e5f4010a1c1ffecde740429cc5ccf79f697,164,399,0.03423,47.967432,32.611434,52.015112,el from-left
celebration-image-003,42,celebration,3,62,decorative-artwork,decorative-artwork,false,assets/images/celebration/left-floral-corner-0f9cb62d.png,celebration-image-003,0f9cb62d70f2ed0908de1ea547b3f27a501f6c9f1de3e87d5d924c35a03658c2,142,189,69.594294,0.896271,28.265898,24.654617,el from-right
celebration-image-004,43,celebration,4,63,decorative-artwork,decorative-artwork,false,assets/images/celebration/left-floral-spray-5261e0f9.png,celebration-image-004,5261e0f9287f2dfc03392cb7d36c8878cc384eecc93c33007827c9f460940fd9,195,263,0.531077,0.201922,38.815274,34.21814,el from-left
celebration-image-005,44,celebration,5,64,text-fragment,text-fragment,false,assets/images/celebration/adults-only-intro-line-ae06a8f2.png,celebration-image-005,ae06a8f2cc596f7e73a0f7c95e276535dd3c1f0b13058f0d785a02e268e81844,335,64,17.1382,36.318515,66.654386,8.334812,el fade-up
celebration-image-006,45,celebration,6,65,text-fragment,text-fragment,false,assets/images/celebration/celebration-heading-t-71b5c196.png,celebration-image-006,71b5c1962970423e8ede8849c6f8955ef3f9c82b1470b68c6e8a39d531d7867b,153,90,20.271467,20.039733,30.407797,11.704283,el fade-up
celebration-image-007,46,celebration,7,66,text-fragment,text-fragment,false,assets/images/celebration/text-fragment-root-66-72881e0d.png,celebration-image-007,72881e0d29d681ae520f9b933231070e36ff24a5078ac3487441a18a5d91865e,22,31,29.364829,23.329099,4.322573,4.052278,el pop
celebration-image-008,47,celebration,8,67,text-fragment,text-fragment,false,assets/images/shared/text-fragment-root-67-000f9e3a.png,celebration-image-008,000f9e3ad23e30764b763770d8b440618a00ac878950bc4d2f6059c976ea2108,16,11,33.133814,26.025729,3.170708,1.373144,el pop
celebration-image-009,48,celebration,9,69,text-fragment,text-fragment,false,assets/images/shared/section-heading-c-71fb3b21.png,celebration-image-009,71fb3b21b8d69f98641c7da6e9b0868cf8270949aa1cc0b9a23477cc598f3530,93,63,39.621847,20.34978,18.468667,8.207458,el fade-up
celebration-image-010,49,celebration,10,70,repeated-payload,text-fragment,true,assets/images/shared/text-fragment-root-67-000f9e3a.png,celebration-image-008,000f9e3ad23e30764b763770d8b440618a00ac878950bc4d2f6059c976ea2108,16,11,52.108192,26.025729,3.170708,1.373144,el pop
celebration-image-011,50,celebration,11,71,text-fragment,text-fragment,false,assets/images/celebration/text-fragment-root-71-65696c05.png,celebration-image-011,65696c0584698dbc80ac7ea52d3d6ad657a63efaa18fe8336224e7a8dfeb3a55,13,33,54.981583,23.193617,2.596527,4.248507,el pop
celebration-image-012,51,celebration,12,72,repeated-payload,text-fragment,true,assets/images/shared/text-fragment-root-67-000f9e3a.png,celebration-image-008,000f9e3ad23e30764b763770d8b440618a00ac878950bc4d2f6059c976ea2108,16,11,57.007177,26.025729,3.170708,1.373144,el pop
celebration-image-013,52,celebration,13,73,text-fragment,text-fragment,false,assets/images/celebration/text-fragment-root-73-7467075f.png,celebration-image-013,7467075feea197c96bd0a72e9d39ccc2b4d8d0b6ecd98cd4e96c0515a677e98e,16,32,59.475289,23.269174,3.182119,4.124957,el pop
celebration-image-014,53,celebration,14,74,text-fragment,text-fragment,false,assets/images/shared/text-fragment-root-74-6517795d.png,celebration-image-014,6517795d7c51318425d35fa31f0d257dd5a2a01c6d995aefb62c775ebd5ec64b,14,11,61.777109,25.8681,2.811733,1.484097,el pop
celebration-image-015,54,celebration,15,75,text-fragment,text-fragment,false,assets/images/shared/text-fragment-root-75-e5273d62.png,celebration-image-015,e5273d62eec8de65ec6ad375a01b39317da8f3358e6a231497bae8c4e328f579,19,11,64.165162,25.892851,3.853148,1.451881,el pop
celebration-image-016,55,celebration,16,76,text-fragment,text-fragment,false,assets/images/shared/text-fragment-root-76-b83c7eaa.png,celebration-image-016,b83c7eaa0d45e06b4c7e25a1c55f22e0a1e4ff3a8c353854f8dc71b60f97f68b,18,33,67.510747,23.138902,3.672336,4.333223,el pop
celebration-image-017,56,celebration,17,77,text-fragment,text-fragment,false,assets/images/shared/text-fragment-root-77-fbc49a9b.png,celebration-image-017,fbc49a9bb59974aacb856bf31738a1bc89f4cb2753ca1ef1729fabace370d0e1,12,16,69.941021,25.267546,2.377219,2.107722,el pop
celebration-image-018,57,celebration,18,78,text-fragment,text-fragment,false,assets/images/shared/text-fragment-root-78-824cb961.png,celebration-image-018,824cb96178b60455a897b79c7fe01f0764a41c47a4ddb29c2e2267404ef574f9,12,10,71.759494,26.070021,2.445469,1.273471,el pop
celebration-image-019,58,celebration,19,79,text-fragment,text-fragment,false,assets/images/shared/text-fragment-root-79-3bc0e4e6.png,celebration-image-019,3bc0e4e6ff6c0a0e325663957a21c1ec241902f5c27a7427d8b2933d0842db01,21,9,73.885262,26.118222,4.145605,1.231549,el pop
celebration-image-020,59,celebration,20,80,text-fragment,text-fragment,false,assets/images/shared/text-fragment-root-80-88cb7e10.png,celebration-image-020,88cb7e1020aa324a528a7a3ecc199af8845035661a64c95922ae2a6d368d36dc,8,13,31.914595,48.375183,1.560037,1.655535,el pop
celebration-image-021,60,celebration,21,81,text-fragment,text-fragment,false,assets/images/shared/text-fragment-root-81-eee29b05.png,celebration-image-021,eee29b05eff7d198102f66aaa17bc66f999593af385e5d2a2051bf90c121a2b7,11,13,33.653805,48.375183,2.277822,1.655535,el pop
celebration-image-022,61,celebration,22,82,repeated-payload,text-fragment,true,assets/images/shared/text-fragment-root-80-88cb7e10.png,celebration-image-020,88cb7e1020aa324a528a7a3ecc199af8845035661a64c95922ae2a6d368d36dc,8,13,36.348953,48.375183,1.560037,1.655535,el pop
celebration-image-023,62,celebration,23,83,text-fragment,text-fragment,false,assets/images/shared/text-fragment-root-83-b6200645.png,celebration-image-023,b620064541e369a1712e5fd2a6e4560c1e84309736086bdf515f7e3bd76ac3f0,10,13,38.071634,48.375183,1.916855,1.655535,el pop
celebration-image-024,63,celebration,24,84,text-fragment,text-fragment,false,assets/images/shared/text-fragment-root-84-3ceda06e.png,celebration-image-024,3ceda06e4373de83d7a937144f702a3612f18c5c0546607e8f441329bc70703d,8,13,40.151795,48.35434,1.667913,1.701677,el pop
celebration-image-025,64,celebration,25,85,text-fragment,text-fragment,false,assets/images/shared/text-fragment-root-85-8c672b45.png,celebration-image-025,8c672b4579cceb4b2b943a5506b7e16caa2176ed36c1b5d7995ace9925deee49,1,13,42.361406,48.375183,0.290432,1.655535,el pop
celebration-image-026,65,celebration,26,86,text-fragment,text-fragment,false,assets/images/shared/text-fragment-root-86-82b06dd1.png,celebration-image-026,82b06dd13894176c39500e5d4498253df8b048f1c627e174ad83b1caa1e3f855,8,13,43.103653,48.375183,1.589082,1.655535,el pop
celebration-image-027,66,celebration,27,87,repeated-payload,text-fragment,true,assets/images/shared/text-fragment-root-86-82b06dd1.png,celebration-image-026,82b06dd13894176c39500e5d4498253df8b048f1c627e174ad83b1caa1e3f855,8,13,44.874528,48.375183,1.589082,1.655535,el pop
celebration-image-028,67,celebration,28,88,text-fragment,text-fragment,false,assets/images/shared/text-fragment-root-88-fb95a758.png,celebration-image-028,fb95a75826778c93aa4196773881e2e9ac9b8a7ae9f4b70f75fb9e941ee3fadb,7,13,46.898727,48.375183,1.373331,1.655535,el pop
celebration-image-029,68,celebration,29,89,text-fragment,text-fragment,false,assets/images/shared/text-fragment-root-89-bfe323b7.png,celebration-image-029,bfe323b79e527e2cdbe36887e54377aae206e7819d179659acb865cfef2415fa,9,13,48.850235,48.375183,1.842173,1.655535,el pop
celebration-image-030,69,celebration,30,90,repeated-payload,text-fragment,true,assets/images/shared/text-fragment-root-84-3ceda06e.png,celebration-image-024,3ceda06e4373de83d7a937144f702a3612f18c5c0546607e8f441329bc70703d,8,13,50.893155,48.35434,1.667913,1.701677,el pop
celebration-image-031,70,celebration,31,92,text-fragment,text-fragment,false,assets/images/shared/text-fragment-root-92-64f9e184.png,celebration-image-031,64f9e1844cf746fb438272d50862473f9098de18f75cf1874381f5330d715c08,13,13,53.952755,48.35434,2.609751,1.701677,el pop
celebration-image-032,71,celebration,32,93,text-fragment,text-fragment,false,assets/images/shared/text-fragment-root-93-c8a1ad40.png,celebration-image-032,c8a1ad4051d1a5f4e8b73e0b9c68fcffbe0a0101bf8099889b0ddca611319941,11,13,57.104961,48.375183,2.165798,1.655535,el pop
celebration-image-033,72,celebration,33,95,text-fragment,text-fragment,false,assets/images/shared/text-fragment-root-95-50465e16.png,celebration-image-033,50465e16ba84946561c89740217b3e7da6470e681d0542f22aff53d73010ef9b,10,13,60.972129,48.375183,2.062078,1.655535,el pop
celebration-image-034,73,celebration,34,96,text-fragment,text-fragment,false,assets/images/shared/text-fragment-root-96-9da393e0.png,celebration-image-034,9da393e019434ec0c475f1e6bc74e378421ca1a5e3d99e6b54e8443a7a840336,10,13,63.540417,48.375183,1.891961,1.679961,el pop
celebration-image-035,74,celebration,35,97,repeated-payload,text-fragment,true,assets/images/shared/text-fragment-root-86-82b06dd1.png,celebration-image-026,82b06dd13894176c39500e5d4498253df8b048f1c627e174ad83b1caa1e3f855,8,13,65.832876,48.375183,1.589082,1.655535,el pop
celebration-image-036,75,celebration,36,98,repeated-payload,text-fragment,true,assets/images/shared/text-fragment-root-83-b6200645.png,celebration-image-023,b620064541e369a1712e5fd2a6e4560c1e84309736086bdf515f7e3bd76ac3f0,10,13,67.56651,48.375183,1.916855,1.655535,el pop
celebration-image-037,76,celebration,37,100,repeated-payload,text-fragment,true,assets/images/shared/text-fragment-root-95-50465e16.png,celebration-image-033,50465e16ba84946561c89740217b3e7da6470e681d0542f22aff53d73010ef9b,10,13,32.48995,53.454486,2.062078,1.655535,el pop
celebration-image-038,77,celebration,38,101,repeated-payload,text-fragment,true,assets/images/shared/text-fragment-root-81-eee29b05.png,celebration-image-021,eee29b05eff7d198102f66aaa17bc66f999593af385e5d2a2051bf90c121a2b7,11,13,34.677256,53.454486,2.277822,1.655535,el pop
celebration-image-039,78,celebration,39,102,repeated-payload,text-fragment,true,assets/images/shared/text-fragment-root-93-c8a1ad40.png,celebration-image-032,c8a1ad4051d1a5f4e8b73e0b9c68fcffbe0a0101bf8099889b0ddca611319941,11,13,37.372604,53.454486,2.165798,1.655535,el pop
celebration-image-040,79,celebration,40,103,text-fragment,text-fragment,false,assets/images/shared/text-fragment-root-103-6838b7eb.png,celebration-image-040,6838b7eb5a6372bf674aea514e8108f14e94dc14ecbf5fb5e6272f8feb1f0ef0,12,13,40.08249,53.43234,2.460386,1.701677,el pop
celebration-image-041,80,celebration,41,104,repeated-payload,text-fragment,true,assets/images/shared/text-fragment-root-85-8c672b45.png,celebration-image-025,8c672b4579cceb4b2b943a5506b7e16caa2176ed36c1b5d7995ace9925deee49,1,13,43.048885,53.454486,0.290432,1.655535,el pop
celebration-image-042,81,celebration,42,105,repeated-payload,text-fragment,true,assets/images/shared/text-fragment-root-93-c8a1ad40.png,celebration-image-032,c8a1ad4051d1a5f4e8b73e0b9c68fcffbe0a0101bf8099889b0ddca611319941,11,13,44.044256,53.454486,2.165798,1.655535,el pop
celebration-image-043,82,celebration,43,106,text-fragment,text-fragment,false,assets/images/shared/text-fragment-root-106-b7560b34.png,celebration-image-043,b7560b34d209078dce2717991954d63544015b9d82eef56fc73316267a7dc61c,13,13,46.754142,53.43234,2.551658,1.701677,el pop
celebration-image-044,83,celebration,44,108,repeated-payload,text-fragment,true,assets/images/shared/text-fragment-root-84-3ceda06e.png,celebration-image-024,3ceda06e4373de83d7a937144f702a3612f18c5c0546607e8f441329bc70703d,8,13,50.644412,53.43234,1.667913,1.701677,el pop
celebration-image-045,84,celebration,45,109,text-fragment,text-fragment,false,assets/images/shared/text-fragment-root-109-590b73ee.png,celebration-image-045,590b73ee354dec4e8784b53ffa6ddba6827df93df5b01d956f9302cf3dd27b96,10,13,52.837493,53.454486,1.912707,1.655535,el pop
celebration-image-046,85,celebration,46,110,repeated-payload,text-fragment,true,assets/images/shared/text-fragment-root-92-64f9e184.png,celebration-image-031,64f9e1844cf746fb438272d50862473f9098de18f75cf1874381f5330d715c08,13,13,55.294454,53.43234,2.609751,1.701677,el pop
celebration-image-047,86,celebration,47,111,repeated-payload,text-fragment,true,assets/images/shared/text-fragment-root-88-fb95a758.png,celebration-image-028,fb95a75826778c93aa4196773881e2e9ac9b8a7ae9f4b70f75fb9e941ee3fadb,7,13,58.446461,53.454486,1.373331,1.655535,el pop
celebration-image-048,87,celebration,48,112,repeated-payload,text-fragment,true,assets/images/shared/text-fragment-root-84-3ceda06e.png,celebration-image-024,3ceda06e4373de83d7a937144f702a3612f18c5c0546607e8f441329bc70703d,8,13,60.236455,53.43234,1.667913,1.701677,el pop
celebration-image-049,88,celebration,49,114,repeated-payload,text-fragment,true,assets/images/shared/text-fragment-root-92-64f9e184.png,celebration-image-031,64f9e1844cf746fb438272d50862473f9098de18f75cf1874381f5330d715c08,13,13,63.296055,53.43234,2.609751,1.701677,el pop
celebration-image-050,89,celebration,50,115,repeated-payload,text-fragment,true,assets/images/shared/text-fragment-root-93-c8a1ad40.png,celebration-image-032,c8a1ad4051d1a5f4e8b73e0b9c68fcffbe0a0101bf8099889b0ddca611319941,11,13,66.448261,53.454486,2.165798,1.655535,el pop
celebration-image-051,90,celebration,51,117,text-fragment,text-fragment,false,assets/images/celebration/text-fragment-root-117-be327821.png,celebration-image-051,be327821805b7309462d42707a4ab9a40b2220c81694fb1faa58f3fdcca6e3e3,16,16,25.288549,58.949357,3.161567,2.019215,el pop
celebration-image-052,91,celebration,52,118,text-fragment,text-fragment,false,assets/images/celebration/text-fragment-root-118-da26531c.png,celebration-image-052,da26531c602220e9b398fb93663714fa89f1b50b27e1ec0d0dbf1ba339e7a2ce,14,16,28.835478,58.949357,2.833799,2.019215,el pop
celebration-image-053,92,celebration,53,119,text-fragment,text-fragment,false,assets/images/celebration/text-fragment-root-119-f4e8bbf4.png,celebration-image-053,f4e8bbf4818be323d909621ab6ea0c46ab6fbbd700e091132127b5404ed572cc,13,16,32.15099,58.949357,2.626341,2.057215,el pop
celebration-image-054,93,celebration,54,120,text-fragment,text-fragment,false,assets/images/celebration/text-fragment-root-120-de4b4d22.png,celebration-image-054,de4b4d22466cd699ea8049d3a17265658daf54a4907f8a9b2cf86bb9865ccb58,10,16,35.446587,58.949357,1.921004,2.019215,el pop
celebration-image-055,94,celebration,55,121,text-fragment,text-fragment,false,assets/images/celebration/text-fragment-root-121-00926966.png,celebration-image-055,009269665b076b6f2b63a0c19c09bc0ef57e6b8b880c4e870850e689e7d71df9,11,16,37.294137,58.949357,2.281964,2.019215,el pop
celebration-image-056,95,celebration,56,122,text-fragment,text-fragment,false,assets/images/celebration/text-fragment-root-122-c575bdfc.png,celebration-image-056,c575bdfc7af0c1e5107c9a3d7e6ac318230f6f50a5ea59c5ebc3181091d60e23,12,16,39.78117,58.911578,2.41474,2.095203,el pop
celebration-image-057,96,celebration,57,124,text-fragment,text-fragment,false,assets/images/celebration/text-fragment-root-124-8000b6be.png,celebration-image-057,8000b6be9b602d42268166899ebbab66c11ba95f07ff1480a68e77d5e41ff02d,17,16,43.877365,58.911578,3.315074,2.095203,el pop
celebration-image-058,97,celebration,58,125,text-fragment,text-fragment,false,assets/images/celebration/text-fragment-root-125-b1ac403c.png,celebration-image-058,b1ac403cf4c029402a790c63c7b9e652aa14159c7e3cec1cf7de20b26369e245,15,16,47.729398,58.949357,2.912624,2.019215,el pop
celebration-image-059,98,celebration,59,126,repeated-payload,text-fragment,true,assets/images/celebration/text-fragment-root-120-de4b4d22.png,celebration-image-054,de4b4d22466cd699ea8049d3a17265658daf54a4907f8a9b2cf86bb9865ccb58,10,16,51.359175,58.949357,1.921004,2.019215,el pop
celebration-image-060,99,celebration,60,127,text-fragment,text-fragment,false,assets/images/celebration/text-fragment-root-127-919c338c.png,celebration-image-060,919c338cf3525cd1c4cd8ab2c62a5c3df7ff39ad973266e71d72104345c34cac,14,16,53.115313,58.949357,2.792296,2.019215,el pop
celebration-image-061,100,celebration,61,128,text-fragment,text-fragment,false,assets/images/celebration/text-fragment-root-128-9952e694.png,celebration-image-061,9952e694af20cd1b2b82021753cfd077e8d896aea2e9ce7959c8eac504df2063,5,6,55.556739,60.520436,0.912788,0.830484,el pop
celebration-image-062,101,celebration,62,130,text-fragment,text-fragment,false,assets/images/celebration/text-fragment-root-130-8d6cec79.png,celebration-image-062,8d6cec79f1757544e96c0ae9d7c90ce2fe2c1359fd16d135dbf6e412bba642b3,12,16,58.397867,58.949357,2.344199,2.019215,el pop
celebration-image-063,102,celebration,63,131,repeated-payload,text-fragment,true,assets/images/celebration/text-fragment-root-120-de4b4d22.png,celebration-image-054,de4b4d22466cd699ea8049d3a17265658daf54a4907f8a9b2cf86bb9865ccb58,10,16,61.220474,58.949357,1.921004,2.019215,el pop
celebration-image-064,103,celebration,64,132,text-fragment,text-fragment,false,assets/images/celebration/text-fragment-root-132-e75554cf.png,celebration-image-064,e75554cf25fc6642e7e8e65071ac446cec9f2e479b9bc2ed78c9bef8cd91a7d7,10,16,63.606536,58.949357,2.037184,2.019215,el pop
celebration-image-065,104,celebration,65,133,repeated-payload,text-fragment,true,assets/images/celebration/text-fragment-root-117-be327821.png,celebration-image-051,be327821805b7309462d42707a4ab9a40b2220c81694fb1faa58f3fdcca6e3e3,16,16,65.903177,58.949357,3.161567,2.019215,el pop
celebration-image-066,105,celebration,66,134,repeated-payload,text-fragment,true,assets/images/celebration/text-fragment-root-122-c575bdfc.png,celebration-image-056,c575bdfc7af0c1e5107c9a3d7e6ac318230f6f50a5ea59c5ebc3181091d60e23,12,16,69.20694,58.911578,2.41474,2.095203,el pop
celebration-image-067,106,celebration,67,135,repeated-payload,text-fragment,true,assets/images/celebration/text-fragment-root-132-e75554cf.png,celebration-image-064,e75554cf25fc6642e7e8e65071ac446cec9f2e479b9bc2ed78c9bef8cd91a7d7,10,16,72.144857,58.949357,2.037184,2.019215,el pop
celebration-image-068,107,celebration,68,136,text-fragment,text-fragment,false,assets/images/celebration/text-fragment-root-136-642f6c15.png,celebration-image-068,642f6c15970ffba8264efbe2c163513bf0ad1b77faefa5776750c24d03559372,3,16,74.802564,58.949357,0.659697,2.019215,el pop
celebration-image-069,108,celebration,69,137,meaningful-artwork,meaningful-artwork,false,assets/images/celebration/sleeping-child-56a36124.png,celebration-image-069,56a361246798df20f800e178e288629d52d26a26b973dafb043b443b1eb59a8f,223,148,28.412675,66.563752,44.344978,19.269435,el scale-in
date-image-001,109,date,1,139,decorative-artwork,decorative-artwork,false,assets/images/date/left-floral-corner-4ae63ffa.png,date-image-001,4ae63ffa6051dc4a715cc5e98e6e326c42f999e923820458241574828b1a24ae,191,372,0,51.535581,38.014476,48.463768,el from-left
date-image-002,110,date,2,140,decorative-artwork,decorative-artwork,false,assets/images/date/upper-left-floral-spray-e108e8c3.png,date-image-002,e108e8c3b4258fc593210799eecd5692f23f13ddaf2a8a9aee5536a2602f5f91,240,340,0,0,47.796911,44.282299,el from-left
date-image-003,111,date,3,141,decorative-artwork,decorative-artwork,false,assets/images/date/upper-right-floral-spray-cc07ab07.png,date-image-003,cc07ab079c85ef351897865a5aea251ea36cba11dd12086b92ad9dd58390d6bd,217,296,55.440434,0,43.195662,38.552809,el from-right
date-image-004,112,date,4,142,text-fragment,text-fragment,false,assets/images/date/text-fragment-root-142-69e3bdeb.png,date-image-004,69e3bdeb71136b1db1e5ac71eae6a29eb861fd9ef65dbe236dde28978fdf6690,48,32,53.900975,37.896108,9.566313,4.139495,el pop
date-image-005,113,date,5,143,text-fragment,text-fragment,false,assets/images/date/text-fragment-root-143-4e37223c.png,date-image-005,4e37223c6c98c0b8d5525ab41f7701ed70f1b3728090897024f7b7cb3a07a193,22,8,23.725391,35.179938,4.35151,1.080172,el pop
date-image-006,114,date,6,144,text-fragment,text-fragment,false,assets/images/date/text-fragment-root-144-e4a62111.png,date-image-006,e4a62111f3f8f828a322e8dab4efbc282779118c337c0415421d71efe09eaebd,10,8,49.36226,46.927862,1.982474,1.047604,el pop
date-image-007,115,date,7,145,text-fragment,text-fragment,false,assets/images/shared/text-fragment-root-145-f2ff28bf.png,date-image-007,f2ff28bfffc4a67f60199433cd0c87a34a530c8f9974f9b591364a30fe8dc28a,5,8,49.823699,43.232047,1.03311,1.047604,el pop
date-image-008,116,date,8,146,text-fragment,text-fragment,false,assets/images/date/text-fragment-root-146-c80c1291.png,date-image-008,c80c1291643dab94f1d27a3e1c560864d7c02f92ecc69c654c77c5c20d11d28d,9,8,49.417027,50.608044,1.712693,1.063888,el pop
date-image-009,117,date,9,147,text-fragment,text-fragment,false,assets/images/date/text-fragment-root-147-d0ad1bfc.png,date-image-009,d0ad1bfc0abd132ee6aab0c92e0666a86cff4fb84adca72f88a1ed5f97c91bb7,12,8,49.181627,54.303859,2.314307,1.080172,el pop
date-image-010,118,date,10,148,text-fragment,text-fragment,false,assets/images/date/text-fragment-root-148-9c0b3526.png,date-image-010,9c0b35265de7cf6272ae3bb9aafab3bd4d65871d98da6f9965eb7b2f1f715166,5,8,74.681279,39.519297,1.045557,1.080172,el pop
date-image-011,119,date,11,149,text-fragment,text-fragment,false,assets/images/date/text-fragment-root-149-86ea9ece.png,date-image-011,86ea9ecefbdcb7b96fcfca2660fc5edb1e60dca0ff29ccf0fc56f23b1ed0e353,9,8,74.286955,46.927862,1.833109,1.047604,el pop
date-image-012,120,date,12,150,text-fragment,text-fragment,false,assets/images/date/text-fragment-root-150-77c17dcf.png,date-image-012,77c17dcf0e7e3744db7e91dd43991521a72c837ba6662e77c84ce929b6cc3ec4,10,8,74.129026,43.216414,2.077911,1.080172,el pop
date-image-013,121,date,13,151,text-fragment,text-fragment,false,assets/images/date/text-fragment-root-151-48e19c4a.png,date-image-013,48e19c4a54fd060e0432121e3c68f65e411f07f232c82c98c2d4c49101d57c24,12,8,74.043589,50.608044,2.35579,1.063888,el pop
date-image-014,122,date,14,152,text-fragment,text-fragment,false,assets/images/date/text-fragment-root-152-63a438e3.png,date-image-014,63a438e3bf61850ee3e01253abf8a26e6e7f4367cc7a3c42b531334af0c34e5b,9,8,74.276001,54.303859,1.730856,1.080172,el pop
date-image-015,123,date,15,153,text-fragment,text-fragment,false,assets/images/date/text-fragment-root-153-74f9d25a.png,date-image-015,74f9d25aca56dfc5b8c56dd88101f716991a03e8e96f6fd26f386e738f439fea,3,8,58.721094,39.536232,0.526927,1.047604,el pop
date-image-016,124,date,16,154,text-fragment,text-fragment,false,assets/images/date/text-fragment-root-154-003ddf48.png,date-image-016,003ddf4800f9ee6353aaab2546e46870d4313f866b3cb64b5142dea2201e2154,10,8,58.080416,46.927862,1.936834,1.063888,el pop
date-image-017,125,date,17,155,text-fragment,text-fragment,false,assets/images/date/text-fragment-root-155-a5dad007.png,date-image-017,a5dad0079a04af2373b9b38651cb559d406ae4532aaf6642ec7dd55e1375194b,5,8,58.556195,43.216414,1.058005,1.080172,el pop
date-image-018,126,date,18,156,text-fragment,text-fragment,false,assets/images/date/text-fragment-root-156-4d799ca5.png,date-image-018,4d799ca532166f4809d99079f74f8c7b24810788b9e603220f1b7b66b281f57f,11,8,57.941407,50.608044,2.260376,1.063888,el pop
date-image-019,127,date,19,157,text-fragment,text-fragment,false,assets/images/date/text-fragment-root-157-39e5e2f8.png,date-image-019,39e5e2f802c0208994366f50ce68cbf911d4de6d20f4f76c262912176a80b6c2,12,8,57.905559,54.303859,2.330896,1.063888,el pop
date-image-020,128,date,20,158,text-fragment,text-fragment,false,assets/images/date/text-fragment-root-158-7180cb67.png,date-image-020,7180cb67ccddbbec4d5e95cdb40ef9b63ebea4676b20e1252431f22d9474f9d4,6,8,25.070675,43.232047,1.170029,1.047604,el pop
date-image-021,129,date,21,159,text-fragment,text-fragment,false,assets/images/date/text-fragment-root-159-7572930a.png,date-image-021,7572930aad5355d098f556d9ad9f2953e552dc2b8669c2744c3293a68e754b2e,10,8,24.656435,50.608044,1.940985,1.080172,el pop
date-image-022,130,date,22,160,text-fragment,text-fragment,false,assets/images/date/text-fragment-root-160-2d091059.png,date-image-022,2d091059d70fdd305db14b264d9d4f1db85de07a9c4dd5e1abf8203d5fcd8166,7,8,24.894822,46.927862,1.339375,1.047604,el pop
date-image-023,131,date,23,161,text-fragment,text-fragment,false,assets/images/date/text-fragment-root-161-5f9dfad5.png,date-image-023,5f9dfad52d01af1dc7a93f34d7f40ad478add7d44eb11016616dfee69e1c3136,12,8,24.484764,54.303859,2.310164,1.080172,el pop
date-image-024,132,date,24,162,text-fragment,text-fragment,false,assets/images/date/text-fragment-root-162-b5a18e15.png,date-image-024,b5a18e15d97dc97af94f4431ab1f42552a0f4ea91b6e726a5118f4d77ae9d57e,5,8,66.320006,39.519297,1.049706,1.063888,el pop
date-image-025,133,date,25,163,text-fragment,text-fragment,false,assets/images/date/text-fragment-root-163-af3cd335.png,date-image-025,af3cd335d848e1f051651e739ccf2692a41a77bcb89ead6d6d74b6f69f5ec2e6,10,8,65.853986,46.927862,1.95758,1.063888,el pop
date-image-026,134,date,26,164,text-fragment,text-fragment,false,assets/images/date/text-fragment-root-164-c4887827.png,date-image-026,c4887827d3ce2c4bbf0e9bf0b305bc5952b22a3f29b27652b6e5aacbbfabf4b5,6,8,66.304871,43.216414,1.099494,1.063888,el pop
date-image-027,135,date,27,165,text-fragment,text-fragment,false,assets/images/date/text-fragment-root-165-bd84c02b.png,date-image-027,bd84c02b0b0c15b2e042685c7afeff57d6fa997f82326ac10319bb84c6578041,11,8,65.697252,50.608044,2.276965,1.080172,el pop
date-image-028,136,date,28,166,text-fragment,text-fragment,false,assets/images/date/text-fragment-root-166-bf581ec5.png,date-image-028,bf581ec5d2ed94826b8e9baf2b2a422a0ea436862caa99b87d7b83e02ee36703,12,8,65.598671,54.303859,2.469388,1.080172,el pop
date-image-029,137,date,29,167,text-fragment,text-fragment,false,assets/images/date/text-fragment-root-167-a92fc21b.png,date-image-029,a92fc21b414e56e065cf59944e040bf56e7e9dd7d43891338fb56f113429f389,5,8,32.570807,43.232047,1.07875,1.063888,el pop
date-image-030,138,date,30,168,text-fragment,text-fragment,false,assets/images/date/text-fragment-root-168-1d959cf2.png,date-image-030,1d959cf23565dda322261c594f33c79a08f4ee863a8035446bbf5a8451c3d296,10,8,32.119922,50.608044,1.95758,1.063888,el pop
date-image-031,139,date,31,169,text-fragment,text-fragment,false,assets/images/date/text-fragment-root-169-b34fa1bd.png,date-image-031,b34fa1bd9121c1371f42b76ea4ffc2820bee459eda831a02e0564702ffc7f879,9,8,32.155571,46.912229,1.887048,1.063888,el pop
date-image-032,140,date,32,170,text-fragment,text-fragment,false,assets/images/date/text-fragment-root-170-daadfae3.png,date-image-032,daadfae362c60e8eaf5cfe0e2c29a64196ef2780e153b3033b0c0b809cb57542,12,8,31.945065,54.303859,2.330896,1.080172,el pop
date-image-033,141,date,33,171,text-fragment,text-fragment,false,assets/images/date/text-fragment-root-171-e4d0cddf.png,date-image-033,e4d0cddf5f1aacb582a1579d7ea2aeca584a4be03604a58ad5d47b01734eac5a,6,8,40.900215,43.232047,1.099494,1.063888,el pop
date-image-034,142,date,34,172,text-fragment,text-fragment,false,assets/images/date/text-fragment-root-172-b558c6f2.png,date-image-034,b558c6f284afc7a1c993b9470ed8924b448e24023577315aee2af7c35794edb6,12,8,40.194016,50.608044,2.451225,1.080172,el pop
date-image-035,143,date,35,173,text-fragment,text-fragment,false,assets/images/date/text-fragment-root-173-7d465cb4.png,date-image-035,7d465cb4db8377c8f61866ea8c2a9abab83175cc90346b71ffe95f419db1fb1d,10,8,40.467055,46.912229,1.903643,1.080172,el pop
date-image-036,144,date,36,174,text-fragment,text-fragment,false,assets/images/date/text-fragment-root-174-ede9a2ae.png,date-image-036,ede9a2ae08038c5ceb7f84352975a952a7f070cf018f3a168b29484aa900e0cf,11,8,40.348957,54.303859,2.206425,1.063888,el pop
date-image-037,145,date,37,175,text-fragment,text-fragment,false,assets/images/date/text-fragment-root-175-b8f790b4.png,date-image-037,b8f790b4c31e127cc0983eeb339c8bd66e49ba42c1d33adb93dbe6ba9c57e24c,19,8,40.376441,35.196873,3.738635,1.063888,el pop
date-image-038,146,date,38,176,text-fragment,text-fragment,false,assets/images/date/text-fragment-root-176-5876d11f.png,date-image-038,5876d11f6137c4ef5c51fd3d3c4b4d2c33779b88ecd0cba9b36f4105a3990051,21,8,56.302969,35.196873,4.105177,1.063888,el pop
date-image-039,147,date,39,177,text-fragment,text-fragment,false,assets/images/date/text-fragment-root-177-1aff9438.png,date-image-039,1aff9438a9bf2b0921282143ca8dde9a69b109819509fb96b83df6069bd81da4,27,8,31.372697,35.179938,5.430585,1.080172,el pop
date-image-040,148,date,40,178,text-fragment,text-fragment,false,assets/images/date/text-fragment-root-178-5c961c26.png,date-image-040,5c961c26593f1983065089ffe94db8637bed95bb0a82a7ea937c82b2eec401d5,25,8,47.747322,35.196873,4.947399,1.047604,el pop
date-image-041,149,date,41,179,text-fragment,text-fragment,false,assets/images/date/text-fragment-root-179-3591e9dd.png,date-image-041,3591e9dd4c65f0c528a830461bb4c6aca93eb3eee9efcc8a8ec8dc454cc2cba8,13,8,65.248758,35.196873,2.678121,1.047604,el pop
date-image-042,150,date,42,180,text-fragment,text-fragment,false,assets/images/date/text-fragment-root-180-a8939e1b.png,date-image-042,a8939e1bd68967959e844541706f23e837a72b7e15832f6d504cbbbba28d0e2d,19,8,72.912196,35.179938,3.769663,1.080172,el pop
date-image-043,151,date,43,181,decorative-artwork,decorative-artwork,false,assets/images/date/right-floral-corner-5ad6c714.png,date-image-043,5ad6c71485b5b12e781567b2ff7b30e09f32f99b897c6f31e9857dbf4e562233,219,257,55.051486,66.428269,43.593969,33.514542,el from-right
date-image-044,152,date,44,182,text-fragment,text-fragment,false,assets/images/date/text-fragment-root-182-8af818d7.png,date-image-044,8af818d7dd3098977733dd4f15d06dfdf8d20e89f059e138dbe6d4b0dbfbc116,23,23,28.968513,59.344081,4.578466,2.9949,el pop
date-image-045,153,date,45,183,text-fragment,text-fragment,false,assets/images/date/text-fragment-root-183-7d216e40.png,date-image-045,7d216e405dcb42d76e08667dd24c5eb1a61eb577ecae0193848c8e9d8c9a56cc,2,2,29.787035,60.734082,0.490623,0.320251,el pop
date-image-046,154,date,46,184,repeated-payload,text-fragment,true,assets/images/date/text-fragment-root-183-7d216e40.png,date-image-045,7d216e405dcb42d76e08667dd24c5eb1a61eb577ecae0193848c8e9d8c9a56cc,2,2,30.604362,60.734082,0.489586,0.320251,el pop
date-image-047,155,date,47,185,repeated-payload,text-fragment,true,assets/images/date/text-fragment-root-183-7d216e40.png,date-image-045,7d216e405dcb42d76e08667dd24c5eb1a61eb577ecae0193848c8e9d8c9a56cc,2,2,31.422685,60.734082,0.489586,0.320251,el pop
date-image-048,156,date,48,186,repeated-payload,text-fragment,true,assets/images/date/text-fragment-root-183-7d216e40.png,date-image-045,7d216e405dcb42d76e08667dd24c5eb1a61eb577ecae0193848c8e9d8c9a56cc,2,2,32.239016,60.734082,0.489586,0.320251,el pop
date-image-049,157,date,49,187,repeated-payload,text-fragment,true,assets/images/date/text-fragment-root-183-7d216e40.png,date-image-045,7d216e405dcb42d76e08667dd24c5eb1a61eb577ecae0193848c8e9d8c9a56cc,2,2,29.787035,61.376323,0.490623,0.320251,el pop
date-image-050,158,date,50,188,repeated-payload,text-fragment,true,assets/images/date/text-fragment-root-183-7d216e40.png,date-image-045,7d216e405dcb42d76e08667dd24c5eb1a61eb577ecae0193848c8e9d8c9a56cc,2,2,30.604362,61.376323,0.489586,0.320251,el pop
date-image-051,159,date,51,189,repeated-payload,text-fragment,true,assets/images/date/text-fragment-root-183-7d216e40.png,date-image-045,7d216e405dcb42d76e08667dd24c5eb1a61eb577ecae0193848c8e9d8c9a56cc,2,2,31.422685,61.376323,0.489586,0.320251,el pop
date-image-052,160,date,52,190,repeated-payload,text-fragment,true,assets/images/date/text-fragment-root-183-7d216e40.png,date-image-045,7d216e405dcb42d76e08667dd24c5eb1a61eb577ecae0193848c8e9d8c9a56cc,2,2,32.239016,61.376323,0.489586,0.320251,el pop
date-image-053,161,date,53,191,text-fragment,text-fragment,false,assets/images/date/text-fragment-root-191-9e9cedfd.png,date-image-053,9e9cedfd20410be9fe56aa8682e95119773d969986ebd67cd916f185fa578d3c,14,14,34.8553,60.149161,2.8006,1.826517,el pop
date-image-054,162,date,54,192,text-fragment,text-fragment,false,assets/images/date/text-fragment-root-192-02417338.png,date-image-054,024173381bb2179c1b534dc5e295b5006b06280420b8fd3cda2e29d1fedd9d6d,13,14,38.082189,60.149161,2.64293,1.826517,el pop
date-image-055,163,date,55,193,text-fragment,text-fragment,false,assets/images/date/text-fragment-root-193-2fe6c549.png,date-image-055,2fe6c5490c97fb858b4f038635aed373ddc5d310d861b64e314ec4df67352aba,9,14,40.975893,60.176518,1.709403,1.774955,el pop
date-image-056,164,date,56,194,repeated-payload,text-fragment,true,assets/images/date/text-fragment-root-191-9e9cedfd.png,date-image-053,9e9cedfd20410be9fe56aa8682e95119773d969986ebd67cd916f185fa578d3c,14,14,42.992525,60.149161,2.8006,1.826517,el pop
date-image-057,165,date,57,195,text-fragment,text-fragment,false,assets/images/date/text-fragment-root-195-610af665.png,date-image-057,610af6656a42cf69726209befc9c5423927578ba22ac9b0964021bc6c82241d5,8,14,46.376944,60.176518,1.676212,1.774955,el pop
date-image-058,166,date,58,196,text-fragment,text-fragment,false,assets/images/date/text-fragment-root-196-17705608.png,date-image-058,17705608d4c0ebb39950e65a823b01a02e500d39b246a215169599b6cf74aea7,7,14,48.614836,60.176518,1.472908,1.774955,el pop
date-image-059,167,date,59,197,text-fragment,text-fragment,false,assets/images/date/text-fragment-root-197-26df08ed.png,date-image-059,26df08ed66dec710a0ae1117fe0aea9b947135e6931460e75e6e6eb4f5231ed2,10,14,50.709336,60.176518,1.979091,1.774955,el pop
date-image-060,168,date,60,199,text-fragment,text-fragment,false,assets/images/date/text-fragment-root-199-4bf2a85e.png,date-image-060,4bf2a85eba8f5a0f60bd4d2cebcac74a01255bd50bdce8419b1019a8b3240d77,4,14,53.870703,60.176518,0.892044,1.774955,el pop
date-image-061,169,date,61,202,text-fragment,text-fragment,false,assets/images/date/text-fragment-root-202-881978ec.png,date-image-061,881978ec46ab7e14e3c0495abb333d931aac93260cb31305f9ecf97257067ae5,9,14,57.461845,60.149161,1.779937,1.802091,el pop
date-image-062,170,date,62,203,text-fragment,text-fragment,false,assets/images/date/text-fragment-root-203-820a9f23.png,date-image-062,820a9f23ffed6f07013cb1a20a02b5673c9f3f6aafd554faf0a301a985872cae,10,14,59.629634,60.149161,1.98739,1.826517,el pop
date-image-063,171,date,63,204,repeated-payload,text-fragment,true,assets/images/date/text-fragment-root-202-881978ec.png,date-image-061,881978ec46ab7e14e3c0495abb333d931aac93260cb31305f9ecf97257067ae5,9,14,61.964712,60.149161,1.779937,1.802091,el pop
date-image-064,172,date,64,205,text-fragment,text-fragment,false,assets/images/date/text-fragment-root-205-13a67710.png,date-image-064,13a6771079535d5e7d13bef672315af2e6d9b657ead1c7a7e8120c36da901716,9,14,64.053636,60.176518,1.862918,1.799381,el pop
date-image-065,173,date,65,206,text-fragment,text-fragment,false,assets/images/date/text-fragment-root-206-4e245a4d.png,date-image-065,4e245a4d6ce359f9bb857038f03db37d2d9d07840990a6f134532dad266f3b3a,10,8,55.028185,60.046247,2.071339,0.998752,el pop
date-image-066,174,date,66,207,text-fragment,text-fragment,false,assets/images/date/text-fragment-root-207-f0fa2442.png,date-image-066,f0fa244283901647c5d55391a9c0e6a342527efbbadfb8a51301bbce2d8126dd,138,14,36.629362,30.470607,27.509512,1.826517,el fade
date-image-067,175,date,67,208,text-fragment,text-fragment,false,assets/images/date/date-heading-d-628e1f8a.png,date-image-067,628e1f8a28ba22076a1ad1186ced888b6ba4ada8b6d9c0f46b6ff696a91ebb75,157,88,34.18216,17.042176,31.208794,11.42438,el fade-up
date-image-068,176,date,68,209,repeated-payload,text-fragment,true,assets/images/shared/text-fragment-root-75-e5273d62.png,celebration-image-015,e5273d62eec8de65ec6ad375a01b39317da8f3358e6a231497bae8c4e328f579,19,11,53.477972,23.714704,3.853148,1.451881,el pop
date-image-069,177,date,69,210,repeated-payload,text-fragment,true,assets/images/shared/text-fragment-root-76-b83c7eaa.png,celebration-image-016,b83c7eaa0d45e06b4c7e25a1c55f22e0a1e4ff3a8c353854f8dc71b60f97f68b,18,33,56.823756,20.960756,3.672336,4.333223,el pop
date-image-070,178,date,70,211,repeated-payload,text-fragment,true,assets/images/shared/text-fragment-root-67-000f9e3a.png,celebration-image-008,000f9e3ad23e30764b763770d8b440618a00ac878950bc4d2f6059c976ea2108,16,11,59.312581,23.847582,3.170708,1.373144,el pop
ceremony-image-001,179,ceremony,1,214,meaningful-artwork,meaningful-artwork,false,assets/images/ceremony/church-map-snapshot-4afcb50f.png,ceremony-image-001,4afcb50f41f77decd2854244e9b29c211e268c2113c8416023ce4a7111c2104a,163,398,0.084018,48.138088,32.362492,51.82296,el from-left
ceremony-image-002,180,ceremony,2,215,repeated-payload,text-fragment,true,assets/images/shared/text-fragment-root-145-f2ff28bf.png,date-image-007,f2ff28bfffc4a67f60199433cd0c87a34a530c8f9974f9b591364a30fe8dc28a,5,8,31.154823,71.148021,1.667913,1.701677,el pop
ceremony-image-003,181,ceremony,3,217,text-fragment,text-fragment,false,assets/images/ceremony/text-fragment-root-217-406a3a03.png,ceremony-image-003,406a3a03abbffa38ebbb4146c62859e6303b67cfdadc09fe2d199c321eaeaf3f,8,13,34.359805,71.168865,1.560037,1.655535,el pop
ceremony-image-004,182,ceremony,4,218,text-fragment,text-fragment,false,assets/images/shared/text-fragment-root-218-64db70de.png,ceremony-image-004,64db70de2e75ad6232c85f760364c4609acda1b89a066cb835b90e8bcf241e65,14,13,36.283033,71.168865,2.81719,1.655535,el pop
ceremony-image-005,183,ceremony,5,220,text-fragment,text-fragment,false,assets/images/ceremony/text-fragment-root-220-e22bd80a.png,ceremony-image-005,e22bd80ab478b58739219ede710f288418f9a98ea46018f4b5ac5219f4bcc349,3,4,40.471835,72.596645,0.526927,0.5428,el pop
ceremony-image-006,184,ceremony,6,222,repeated-payload,text-fragment,true,assets/images/shared/text-fragment-root-218-64db70de.png,ceremony-image-004,64db70de2e75ad6232c85f760364c4609acda1b89a066cb835b90e8bcf241e65,14,13,42.481297,71.168865,2.81719,1.655535,el pop
ceremony-image-007,185,ceremony,7,223,repeated-payload,text-fragment,true,assets/images/shared/text-fragment-root-81-eee29b05.png,celebration-image-021,eee29b05eff7d198102f66aaa17bc66f999593af385e5d2a2051bf90c121a2b7,11,13,45.604028,71.168865,2.277822,1.655535,el pop
ceremony-image-008,186,ceremony,8,224,repeated-payload,text-fragment,true,assets/images/shared/text-fragment-root-85-8c672b45.png,celebration-image-025,8c672b4579cceb4b2b943a5506b7e16caa2176ed36c1b5d7995ace9925deee49,1,13,48.315906,71.168865,0.290432,1.655535,el pop
ceremony-image-009,187,ceremony,9,225,repeated-payload,text-fragment,true,assets/images/shared/text-fragment-root-93-c8a1ad40.png,celebration-image-032,c8a1ad4051d1a5f4e8b73e0b9c68fcffbe0a0101bf8099889b0ddca611319941,11,13,49.311276,71.168865,2.165798,1.655535,el pop
ceremony-image-010,188,ceremony,10,227,repeated-payload,text-fragment,true,assets/images/shared/text-fragment-root-103-6838b7eb.png,celebration-image-040,6838b7eb5a6372bf674aea514e8108f14e94dc14ecbf5fb5e6272f8feb1f0ef0,12,13,53.033262,71.148021,2.460386,1.701677,el pop
ceremony-image-011,189,ceremony,11,228,repeated-payload,text-fragment,true,assets/images/shared/text-fragment-root-109-590b73ee.png,celebration-image-045,590b73ee354dec4e8784b53ffa6ddba6827df93df5b01d956f9302cf3dd27b96,10,13,55.983128,71.168865,1.912707,1.655535,el pop
ceremony-image-012,190,ceremony,12,229,repeated-payload,text-fragment,true,assets/images/shared/text-fragment-root-96-9da393e0.png,celebration-image-034,9da393e019434ec0c475f1e6bc74e378421ca1a5e3d99e6b54e8443a7a840336,10,13,58.54783,71.168865,1.891961,1.679961,el pop
ceremony-image-013,191,ceremony,13,230,repeated-payload,text-fragment,true,assets/images/shared/text-fragment-root-89-bfe323b7.png,celebration-image-029,bfe323b79e527e2cdbe36887e54377aae206e7819d179659acb865cfef2415fa,9,13,61.093414,71.168865,1.842173,1.655535,el pop
ceremony-image-014,192,ceremony,14,231,repeated-payload,text-fragment,true,assets/images/shared/text-fragment-root-103-6838b7eb.png,celebration-image-040,6838b7eb5a6372bf674aea514e8108f14e94dc14ecbf5fb5e6272f8feb1f0ef0,12,13,63.152863,71.148021,2.460386,1.701677,el pop
ceremony-image-015,193,ceremony,15,232,repeated-payload,text-fragment,true,assets/images/shared/text-fragment-root-109-590b73ee.png,celebration-image-045,590b73ee354dec4e8784b53ffa6ddba6827df93df5b01d956f9302cf3dd27b96,10,13,66.10253,71.168865,1.912707,1.655535,el pop
ceremony-image-016,194,ceremony,16,233,repeated-payload,text-fragment,true,assets/images/shared/text-fragment-root-84-3ceda06e.png,celebration-image-024,3ceda06e4373de83d7a937144f702a3612f18c5c0546607e8f441329bc70703d,8,13,31.154823,67.170819,1.667913,1.701677,el pop
ceremony-image-017,195,ceremony,17,234,repeated-payload,text-fragment,true,assets/images/shared/text-fragment-root-86-82b06dd1.png,celebration-image-026,82b06dd13894176c39500e5d4498253df8b048f1c627e174ad83b1caa1e3f855,8,13,33.094581,67.192965,1.589082,1.655535,el pop
ceremony-image-018,196,ceremony,18,235,text-fragment,text-fragment,false,assets/images/ceremony/text-fragment-root-235-39574f44.png,ceremony-image-018,39574f446277b74e9f8cebdd8b8c07438accb8020949757b76e17e2e23f28ce4,2,2,35.043898,68.620746,0.323625,0.227976,el pop
ceremony-image-019,197,ceremony,19,237,repeated-payload,text-fragment,true,assets/images/shared/text-fragment-root-81-eee29b05.png,celebration-image-021,eee29b05eff7d198102f66aaa17bc66f999593af385e5d2a2051bf90c121a2b7,11,13,36.720574,67.192965,2.277822,1.655535,el pop
ceremony-image-020,198,ceremony,20,238,repeated-payload,text-fragment,true,assets/images/shared/text-fragment-root-93-c8a1ad40.png,celebration-image-032,c8a1ad4051d1a5f4e8b73e0b9c68fcffbe0a0101bf8099889b0ddca611319941,11,13,39.415922,67.192965,2.165798,1.655535,el pop
ceremony-image-021,199,ceremony,21,239,repeated-payload,text-fragment,true,assets/images/shared/text-fragment-root-86-82b06dd1.png,celebration-image-026,82b06dd13894176c39500e5d4498253df8b048f1c627e174ad83b1caa1e3f855,8,13,42.017866,67.192965,1.589082,1.655535,el pop
ceremony-image-022,200,ceremony,22,240,repeated-payload,text-fragment,true,assets/images/shared/text-fragment-root-109-590b73ee.png,celebration-image-045,590b73ee354dec4e8784b53ffa6ddba6827df93df5b01d956f9302cf3dd27b96,10,13,44.042065,67.192965,1.912707,1.655535,el pop
ceremony-image-023,201,ceremony,23,241,repeated-payload,text-fragment,true,assets/images/shared/text-fragment-root-92-64f9e184.png,celebration-image-031,64f9e1844cf746fb438272d50862473f9098de18f75cf1874381f5330d715c08,13,13,46.498826,67.170819,2.609751,1.701677,el pop
ceremony-image-024,202,ceremony,24,242,repeated-payload,text-fragment,true,assets/images/shared/text-fragment-root-93-c8a1ad40.png,celebration-image-032,c8a1ad4051d1a5f4e8b73e0b9c68fcffbe0a0101bf8099889b0ddca611319941,11,13,49.651033,67.192965,2.165798,1.655535,el pop
ceremony-image-025,203,ceremony,25,243,repeated-payload,text-fragment,true,assets/images/shared/text-fragment-root-83-b6200645.png,celebration-image-023,b620064541e369a1712e5fd2a6e4560c1e84309736086bdf515f7e3bd76ac3f0,10,13,52.215735,67.192965,1.916855,1.655535,el pop
ceremony-image-026,204,ceremony,26,245,repeated-payload,text-fragment,true,assets/images/shared/text-fragment-root-103-6838b7eb.png,celebration-image-040,6838b7eb5a6372bf674aea514e8108f14e94dc14ecbf5fb5e6272f8feb1f0ef0,12,13,55.396819,67.170819,2.460386,1.701677,el pop
ceremony-image-027,205,ceremony,27,246,repeated-payload,text-fragment,true,assets/images/shared/text-fragment-root-109-590b73ee.png,celebration-image-045,590b73ee354dec4e8784b53ffa6ddba6827df93df5b01d956f9302cf3dd27b96,10,13,58.346685,67.192965,1.912707,1.655535,el pop
ceremony-image-028,206,ceremony,28,247,repeated-payload,text-fragment,true,assets/images/shared/text-fragment-root-96-9da393e0.png,celebration-image-034,9da393e019434ec0c475f1e6bc74e378421ca1a5e3d99e6b54e8443a7a840336,10,13,60.911587,67.192965,1.891961,1.679961,el pop
ceremony-image-029,207,ceremony,29,248,repeated-payload,text-fragment,true,assets/images/shared/text-fragment-root-89-bfe323b7.png,celebration-image-029,bfe323b79e527e2cdbe36887e54377aae206e7819d179659acb865cfef2415fa,9,13,63.45717,67.192965,1.842173,1.655535,el pop
ceremony-image-030,208,ceremony,30,249,repeated-payload,text-fragment,true,assets/images/shared/text-fragment-root-103-6838b7eb.png,celebration-image-040,6838b7eb5a6372bf674aea514e8108f14e94dc14ecbf5fb5e6272f8feb1f0ef0,12,13,65.516421,67.170819,2.460386,1.701677,el pop
ceremony-image-031,209,ceremony,31,250,repeated-payload,text-fragment,true,assets/images/shared/text-fragment-root-109-590b73ee.png,celebration-image-045,590b73ee354dec4e8784b53ffa6ddba6827df93df5b01d956f9302cf3dd27b96,10,13,68.466287,67.192965,1.912707,1.655535,el pop
ceremony-image-032,210,ceremony,32,251,repeated-payload,text-fragment,true,assets/images/ceremony/text-fragment-root-220-e22bd80a.png,ceremony-image-005,e22bd80ab478b58739219ede710f288418f9a98ea46018f4b5ac5219f4bcc349,3,4,70.848564,68.620746,0.526927,0.5428,el pop
ceremony-image-033,211,ceremony,33,253,repeated-payload,text-fragment,true,assets/images/shared/text-fragment-root-218-64db70de.png,ceremony-image-004,64db70de2e75ad6232c85f760364c4609acda1b89a066cb835b90e8bcf241e65,14,13,72.858026,67.192965,2.81719,1.655535,el pop
ceremony-image-034,212,ceremony,34,254,repeated-payload,text-fragment,true,assets/images/shared/text-fragment-root-81-eee29b05.png,celebration-image-021,eee29b05eff7d198102f66aaa17bc66f999593af385e5d2a2051bf90c121a2b7,11,13,75.980957,67.192965,2.277822,1.655535,el pop
ceremony-image-035,213,ceremony,35,255,repeated-payload,text-fragment,true,assets/images/shared/text-fragment-root-81-eee29b05.png,celebration-image-021,eee29b05eff7d198102f66aaa17bc66f999593af385e5d2a2051bf90c121a2b7,11,13,78.402269,67.192965,2.277822,1.655535,el pop
ceremony-image-036,214,ceremony,36,256,repeated-payload,text-fragment,true,assets/images/shared/text-fragment-root-95-50465e16.png,celebration-image-033,50465e16ba84946561c89740217b3e7da6470e681d0542f22aff53d73010ef9b,10,13,81.097616,67.192965,2.062078,1.655535,el pop
ceremony-image-037,215,ceremony,37,257,repeated-payload,text-fragment,true,assets/images/shared/text-fragment-root-85-8c672b45.png,celebration-image-025,8c672b4579cceb4b2b943a5506b7e16caa2176ed36c1b5d7995ace9925deee49,1,13,83.720073,67.192965,0.290432,1.655535,el pop
ceremony-image-038,216,ceremony,38,258,decorative-artwork,decorative-artwork,false,assets/images/ceremony/left-floral-corner-0d804b0b.png,ceremony-image-038,0d804b0b184ad7888d9e07733a8543e2c77cfe486c9edc1d4ede697aa0028ce8,313,234,22.368357,32.851979,62.314426,30.497443,el scale-in
ceremony-image-039,217,ceremony,39,259,decorative-artwork,decorative-artwork,false,assets/images/ceremony/right-floral-corner-0087e704.png,ceremony-image-039,0087e7043514b014d529c8a0808246bba1990096017fc36a28e52c7aa507f626,190,245,59.671456,68.089236,37.820501,31.900993,el from-right
ceremony-image-040,218,ceremony,40,260,decorative-artwork,decorative-artwork,false,assets/images/ceremony/lower-left-floral-spray-9e5f480b.png,ceremony-image-040,9e5f480bfc385ab2b5eb789e33f889b209b53ff6510894197299c2b28864670f,175,248,64.873353,0.508061,34.835384,32.270835,el from-right
ceremony-image-041,219,ceremony,41,261,decorative-artwork,decorative-artwork,false,assets/images/ceremony/right-floral-spray-6ff9ee5a.png,ceremony-image-041,6ff9ee5a4e749f80d696c11903c2cf2907ac8a81fd6a193ba4566ffb15534233,225,320,0,0,44.768977,41.666699,el from-left
ceremony-image-042,220,ceremony,42,262,text-fragment,text-fragment,false,assets/images/ceremony/text-fragment-root-262-dba21b00.png,ceremony-image-042,dba21b0026de6fa54132a99da7fcd0abddf6f740111b7464dc7574607ed99efc,21,21,24.234627,70.598274,4.180159,2.734356,el pop
ceremony-image-043,221,ceremony,43,263,repeated-payload,text-fragment,true,assets/images/shared/section-heading-c-71fb3b21.png,celebration-image-009,71fb3b21b8d69f98641c7da6e9b0868cf8270949aa1cc0b9a23477cc598f3530,93,63,35.561698,19.234652,18.468667,8.207458,el fade-up
ceremony-image-044,222,ceremony,44,264,repeated-payload,text-fragment,true,assets/images/shared/text-fragment-root-67-000f9e3a.png,celebration-image-008,000f9e3ad23e30764b763770d8b440618a00ac878950bc4d2f6059c976ea2108,16,11,48.048044,24.910601,3.170708,1.373144,el pop
ceremony-image-045,223,ceremony,45,265,repeated-payload,text-fragment,true,assets/images/shared/text-fragment-root-74-6517795d.png,celebration-image-014,6517795d7c51318425d35fa31f0d257dd5a2a01c6d995aefb62c775ebd5ec64b,14,11,50.307444,24.752972,2.811733,1.484097,el pop
ceremony-image-046,224,ceremony,46,266,repeated-payload,text-fragment,true,assets/images/shared/text-fragment-root-67-000f9e3a.png,celebration-image-008,000f9e3ad23e30764b763770d8b440618a00ac878950bc4d2f6059c976ea2108,16,11,52.951409,24.910601,3.170708,1.373144,el pop
ceremony-image-047,225,ceremony,47,267,text-fragment,text-fragment,false,assets/images/ceremony/text-fragment-root-267-c6806f63.png,ceremony-image-047,c6806f63df2fb009a610b0e432711a80596f1f02f509e4f1bb1a2e2ea6b1b380,28,11,55.267568,24.835043,5.593075,1.427064,el pop
ceremony-image-048,226,ceremony,48,268,repeated-payload,text-fragment,true,assets/images/shared/text-fragment-root-78-824cb961.png,celebration-image-018,824cb96178b60455a897b79c7fe01f0764a41c47a4ddb29c2e2267404ef574f9,12,10,60.375863,24.954893,2.445469,1.273471,el pop
ceremony-image-049,227,ceremony,49,269,repeated-payload,text-fragment,true,assets/images/shared/text-fragment-root-79-3bc0e4e6.png,celebration-image-019,3bc0e4e6ff6c0a0e325663957a21c1ec241902f5c27a7427d8b2933d0842db01,21,9,62.501631,25.001791,4.145605,1.231549,el pop
ceremony-image-050,228,ceremony,50,270,text-fragment,text-fragment,false,assets/images/ceremony/text-fragment-root-270-ccef71e0.png,ceremony-image-050,ccef71e015afc5e77244b067413bd7bd03e6faf10efe7cd93fb1ef3267f246b0,38,32,62.344299,24.773815,7.589373,4.205817,el pop
ceremony-image-051,229,ceremony,51,271,text-fragment,text-fragment,false,assets/images/ceremony/text-fragment-root-271-785c6081.png,ceremony-image-051,785c6081e7bfa587227d03339d6d5f97139b0e4c5b673e06008d47bd4a926dab,37,40,22.566515,64.208435,7.365584,5.147097,el pop
ceremony-image-052,230,ceremony,52,272,text-fragment,text-fragment,false,assets/images/ceremony/text-fragment-root-272-1c08c219.png,ceremony-image-052,1c08c2195a10a45f29c76d5989efe4b2d94d21914c33744bd0dd0e215a059464,9,8,27.661666,66.897248,1.807944,1.076101,el pop
ceremony-image-053,231,ceremony,53,273,text-fragment,text-fragment,false,assets/images/ceremony/text-fragment-root-273-7e0830db.png,ceremony-image-053,7e0830db70716f9ff1761a7ef4098d73b1002ed334af25f8dae89e28e2d7ca46,9,8,23.044882,66.908972,1.817278,1.060295,el pop
reception-boat-image-001,232,reception-boat,1,275,meaningful-artwork,meaningful-artwork,false,assets/images/reception-boat/boat-map-snapshot-bad09812.png,reception-boat-image-001,bad098120d11d09be54dfb01d75d5f0c0549b636b99a504e4ebd2c4e268a1037,306,229,19.692367,20.149161,60.973723,29.851295,el scale-in
reception-boat-image-002,233,reception-boat,2,276,text-fragment,text-fragment,false,assets/images/shared/text-fragment-root-276-3e7dae9d.png,reception-boat-image-002,3e7dae9d679e446925d6dca793498e7f0d2555988b73c7a55cf56b931c50ca23,9,13,20.556655,54.385931,1.788236,1.655535,el pop
reception-boat-image-003,234,reception-boat,3,277,repeated-payload,text-fragment,true,assets/images/shared/text-fragment-root-85-8c672b45.png,celebration-image-025,8c672b4579cceb4b2b943a5506b7e16caa2176ed36c1b5d7995ace9925deee49,1,13,22.723647,54.385931,0.290432,1.655535,el pop
reception-boat-image-004,235,reception-boat,4,278,repeated-payload,text-fragment,true,assets/images/shared/text-fragment-root-93-c8a1ad40.png,celebration-image-032,c8a1ad4051d1a5f4e8b73e0b9c68fcffbe0a0101bf8099889b0ddca611319941,11,13,23.719018,54.385931,2.165798,1.655535,el pop
reception-boat-image-005,236,reception-boat,5,279,repeated-payload,text-fragment,true,assets/images/shared/text-fragment-root-95-50465e16.png,celebration-image-033,50465e16ba84946561c89740217b3e7da6470e681d0542f22aff53d73010ef9b,10,13,26.574087,54.385931,2.062078,1.655535,el pop
reception-boat-image-006,237,reception-boat,6,280,text-fragment,text-fragment,false,assets/images/shared/text-fragment-root-280-5f35153b.png,reception-boat-image-006,5f35153be67a4dde21c855ea7c599b57777f6f365b495e0705ac84fc9d139604,6,13,29.180014,54.385931,1.265457,1.655535,el pop
reception-boat-image-007,238,reception-boat,7,281,repeated-payload,text-fragment,true,assets/images/shared/text-fragment-root-83-b6200645.png,celebration-image-023,b620064541e369a1712e5fd2a6e4560c1e84309736086bdf515f7e3bd76ac3f0,10,13,30.624277,54.385931,1.916855,1.655535,el pop
reception-boat-image-008,239,reception-boat,8,283,text-fragment,text-fragment,false,assets/images/shared/text-fragment-root-283-9fe61c86.png,reception-boat-image-008,9fe61c86278324142be67b7afd0dd9264ac04e01b244ff98f28f9f9f5ec09aae,6,13,33.950544,54.385931,1.190774,1.655535,el pop
reception-boat-image-009,240,reception-boat,9,284,repeated-payload,text-fragment,true,assets/images/shared/text-fragment-root-92-64f9e184.png,celebration-image-031,64f9e1844cf746fb438272d50862473f9098de18f75cf1874381f5330d715c08,13,13,35.522067,54.363784,2.609751,1.701677,el pop
reception-boat-image-010,241,reception-boat,10,285,repeated-payload,text-fragment,true,assets/images/shared/text-fragment-root-280-5f35153b.png,reception-boat-image-006,5f35153be67a4dde21c855ea7c599b57777f6f365b495e0705ac84fc9d139604,6,13,38.674273,54.385931,1.265457,1.655535,el pop
reception-boat-image-011,242,reception-boat,11,286,repeated-payload,text-fragment,true,assets/images/shared/text-fragment-root-280-5f35153b.png,reception-boat-image-006,5f35153be67a4dde21c855ea7c599b57777f6f365b495e0705ac84fc9d139604,6,13,40.409102,54.385931,1.265457,1.655535,el pop
reception-boat-image-012,243,reception-boat,12,287,repeated-payload,text-fragment,true,assets/images/shared/text-fragment-root-92-64f9e184.png,celebration-image-031,64f9e1844cf746fb438272d50862473f9098de18f75cf1874381f5330d715c08,13,13,41.998548,54.363784,2.609751,1.701677,el pop
reception-boat-image-013,244,reception-boat,13,288,text-fragment,text-fragment,false,assets/images/shared/text-fragment-root-288-3d3e2495.png,reception-boat-image-013,3d3e2495883cdbf42fd923dd0ef4b309b9e8a6399f09dc6835af176fef06cbb0,17,13,44.89763,54.385931,3.36072,1.655535,el pop
reception-boat-image-014,245,reception-boat,14,290,repeated-payload,text-fragment,true,assets/images/shared/text-fragment-root-86-82b06dd1.png,celebration-image-026,82b06dd13894176c39500e5d4498253df8b048f1c627e174ad83b1caa1e3f855,8,13,49.451481,54.385931,1.589082,1.655535,el pop
reception-boat-image-015,246,reception-boat,15,291,repeated-payload,text-fragment,true,assets/images/shared/text-fragment-root-109-590b73ee.png,celebration-image-045,590b73ee354dec4e8784b53ffa6ddba6827df93df5b01d956f9302cf3dd27b96,10,13,51.475481,54.385931,1.912707,1.655535,el pop
reception-boat-image-016,247,reception-boat,16,292,repeated-payload,text-fragment,true,assets/images/shared/text-fragment-root-85-8c672b45.png,celebration-image-025,8c672b4579cceb4b2b943a5506b7e16caa2176ed36c1b5d7995ace9925deee49,1,13,54.094353,54.385931,0.290432,1.655535,el pop
reception-boat-image-017,248,reception-boat,17,293,repeated-payload,text-fragment,true,assets/images/shared/text-fragment-root-84-3ceda06e.png,celebration-image-024,3ceda06e4373de83d7a937144f702a3612f18c5c0546607e8f441329bc70703d,8,13,54.927812,54.363784,1.667913,1.701677,el pop
reception-boat-image-018,249,reception-boat,18,295,repeated-payload,text-fragment,true,assets/images/shared/text-fragment-root-280-5f35153b.png,reception-boat-image-006,5f35153be67a4dde21c855ea7c599b57777f6f365b495e0705ac84fc9d139604,6,13,58.132794,54.385931,1.265457,1.655535,el pop
reception-boat-image-019,250,reception-boat,19,296,repeated-payload,text-fragment,true,assets/images/shared/text-fragment-root-92-64f9e184.png,celebration-image-031,64f9e1844cf746fb438272d50862473f9098de18f75cf1874381f5330d715c08,13,13,59.72224,54.363784,2.609751,1.701677,el pop
reception-boat-image-020,251,reception-boat,20,297,repeated-payload,text-fragment,true,assets/images/shared/text-fragment-root-103-6838b7eb.png,celebration-image-040,6838b7eb5a6372bf674aea514e8108f14e94dc14ecbf5fb5e6272f8feb1f0ef0,12,13,62.729263,54.363784,2.460386,1.701677,el pop
reception-boat-image-021,252,reception-boat,21,298,repeated-payload,text-fragment,true,assets/images/shared/text-fragment-root-81-eee29b05.png,celebration-image-021,eee29b05eff7d198102f66aaa17bc66f999593af385e5d2a2051bf90c121a2b7,11,13,65.405293,54.385931,2.277822,1.655535,el pop
reception-boat-image-022,253,reception-boat,22,299,repeated-payload,text-fragment,true,assets/images/shared/text-fragment-root-86-82b06dd1.png,celebration-image-026,82b06dd13894176c39500e5d4498253df8b048f1c627e174ad83b1caa1e3f855,8,13,67.847317,54.385931,1.589082,1.655535,el pop
reception-boat-image-023,254,reception-boat,23,300,repeated-payload,text-fragment,true,assets/images/shared/text-fragment-root-85-8c672b45.png,celebration-image-025,8c672b4579cceb4b2b943a5506b7e16caa2176ed36c1b5d7995ace9925deee49,1,13,69.888046,54.385931,0.290432,1.655535,el pop
reception-boat-image-024,255,reception-boat,24,301,repeated-payload,text-fragment,true,assets/images/shared/text-fragment-root-92-64f9e184.png,celebration-image-031,64f9e1844cf746fb438272d50862473f9098de18f75cf1874381f5330d715c08,13,13,70.738233,54.363784,2.609751,1.701677,el pop
reception-boat-image-025,256,reception-boat,25,302,repeated-payload,text-fragment,true,assets/images/shared/text-fragment-root-93-c8a1ad40.png,celebration-image-032,c8a1ad4051d1a5f4e8b73e0b9c68fcffbe0a0101bf8099889b0ddca611319941,11,13,73.89024,54.385931,2.165798,1.655535,el pop
reception-boat-image-026,257,reception-boat,26,304,repeated-payload,text-fragment,true,assets/images/shared/text-fragment-root-85-8c672b45.png,celebration-image-025,8c672b4579cceb4b2b943a5506b7e16caa2176ed36c1b5d7995ace9925deee49,1,13,77.774138,54.385931,0.290432,1.655535,el pop
reception-boat-image-027,258,reception-boat,27,305,repeated-payload,text-fragment,true,assets/images/shared/text-fragment-root-283-9fe61c86.png,reception-boat-image-008,9fe61c86278324142be67b7afd0dd9264ac04e01b244ff98f28f9f9f5ec09aae,6,13,78.769508,54.385931,1.190774,1.655535,el pop
reception-boat-image-028,259,reception-boat,28,306,repeated-payload,text-fragment,true,assets/images/shared/text-fragment-root-83-b6200645.png,celebration-image-023,b620064541e369a1712e5fd2a6e4560c1e84309736086bdf515f7e3bd76ac3f0,10,13,18.648841,57.380883,1.916855,1.655535,el pop
reception-boat-image-029,260,reception-boat,29,307,repeated-payload,text-fragment,true,assets/images/shared/text-fragment-root-92-64f9e184.png,celebration-image-031,64f9e1844cf746fb438272d50862473f9098de18f75cf1874381f5330d715c08,13,13,20.817945,57.358736,2.609751,1.701677,el pop
reception-boat-image-030,261,reception-boat,30,308,repeated-payload,text-fragment,true,assets/images/shared/text-fragment-root-96-9da393e0.png,celebration-image-034,9da393e019434ec0c475f1e6bc74e378421ca1a5e3d99e6b54e8443a7a840336,10,13,23.932909,57.380883,1.891961,1.679961,el pop
reception-boat-image-031,262,reception-boat,31,310,repeated-payload,text-fragment,true,assets/images/shared/text-fragment-root-288-3d3e2495.png,reception-boat-image-013,3d3e2495883cdbf42fd923dd0ef4b309b9e8a6399f09dc6835af176fef06cbb0,17,13,27.237269,57.380883,3.36072,1.655535,el pop
reception-boat-image-032,263,reception-boat,32,311,repeated-payload,text-fragment,true,assets/images/shared/text-fragment-root-85-8c672b45.png,celebration-image-025,8c672b4579cceb4b2b943a5506b7e16caa2176ed36c1b5d7995ace9925deee49,1,13,31.048674,57.380883,0.290432,1.655535,el pop
reception-boat-image-033,264,reception-boat,33,312,repeated-payload,text-fragment,true,assets/images/shared/text-fragment-root-84-3ceda06e.png,celebration-image-024,3ceda06e4373de83d7a937144f702a3612f18c5c0546607e8f441329bc70703d,8,13,31.882332,57.358736,1.667913,1.701677,el pop
reception-boat-image-034,265,reception-boat,34,313,repeated-payload,text-fragment,true,assets/images/shared/text-fragment-root-109-590b73ee.png,celebration-image-045,590b73ee354dec4e8784b53ffa6ddba6827df93df5b01d956f9302cf3dd27b96,10,13,34.075214,57.380883,1.912707,1.655535,el pop
reception-boat-image-035,266,reception-boat,35,315,repeated-payload,text-fragment,true,assets/images/shared/text-fragment-root-86-82b06dd1.png,celebration-image-026,82b06dd13894176c39500e5d4498253df8b048f1c627e174ad83b1caa1e3f855,8,13,37.436333,57.380883,1.589082,1.655535,el pop
reception-boat-image-036,267,reception-boat,36,316,repeated-payload,text-fragment,true,assets/images/shared/text-fragment-root-92-64f9e184.png,celebration-image-031,64f9e1844cf746fb438272d50862473f9098de18f75cf1874381f5330d715c08,13,13,39.31515,57.358736,2.609751,1.701677,el pop
reception-boat-image-037,268,reception-boat,37,318,repeated-payload,text-fragment,true,assets/images/shared/text-fragment-root-81-eee29b05.png,celebration-image-021,eee29b05eff7d198102f66aaa17bc66f999593af385e5d2a2051bf90c121a2b7,11,13,43.20542,57.380883,2.277822,1.655535,el pop
reception-boat-image-038,269,reception-boat,38,319,repeated-payload,text-fragment,true,assets/images/shared/text-fragment-root-89-bfe323b7.png,celebration-image-029,bfe323b79e527e2cdbe36887e54377aae206e7819d179659acb865cfef2415fa,9,13,45.900768,57.380883,1.842173,1.655535,el pop
reception-boat-image-039,270,reception-boat,39,320,repeated-payload,text-fragment,true,assets/images/shared/text-fragment-root-89-bfe323b7.png,celebration-image-029,bfe323b79e527e2cdbe36887e54377aae206e7819d179659acb865cfef2415fa,9,13,48.1054,57.380883,1.842173,1.655535,el pop
reception-boat-image-040,271,reception-boat,40,321,repeated-payload,text-fragment,true,assets/images/shared/text-fragment-root-85-8c672b45.png,celebration-image-025,8c672b4579cceb4b2b943a5506b7e16caa2176ed36c1b5d7995ace9925deee49,1,13,50.326562,57.380883,0.290432,1.655535,el pop
reception-boat-image-041,272,reception-boat,41,322,text-fragment,text-fragment,false,assets/images/shared/text-fragment-root-322-eef4f8cb.png,reception-boat-image-041,eef4f8cbf4f883031c88be03620cca947462130f3b0faf5f9c0f951e2646e374,10,13,51.068809,57.380883,2.024737,1.655535,el pop
reception-boat-image-042,273,reception-boat,42,323,repeated-payload,text-fragment,true,assets/images/shared/text-fragment-root-88-fb95a758.png,celebration-image-028,fb95a75826778c93aa4196773881e2e9ac9b8a7ae9f4b70f75fb9e941ee3fadb,7,13,53.526566,57.380883,1.373331,1.655535,el pop
reception-boat-image-043,274,reception-boat,43,325,repeated-payload,text-fragment,true,assets/images/shared/text-fragment-root-86-82b06dd1.png,celebration-image-026,82b06dd13894176c39500e5d4498253df8b048f1c627e174ad83b1caa1e3f855,8,13,56.237049,57.380883,1.589082,1.655535,el pop
reception-boat-image-044,275,reception-boat,44,326,repeated-payload,text-fragment,true,assets/images/shared/text-fragment-root-92-64f9e184.png,celebration-image-031,64f9e1844cf746fb438272d50862473f9098de18f75cf1874381f5330d715c08,13,13,58.115866,57.358736,2.609751,1.701677,el pop
reception-boat-image-045,276,reception-boat,45,328,repeated-payload,text-fragment,true,assets/images/shared/text-fragment-root-86-82b06dd1.png,celebration-image-026,82b06dd13894176c39500e5d4498253df8b048f1c627e174ad83b1caa1e3f855,8,13,62.026848,57.380883,1.589082,1.655535,el pop
reception-boat-image-046,277,reception-boat,46,329,repeated-payload,text-fragment,true,assets/images/shared/text-fragment-root-109-590b73ee.png,celebration-image-045,590b73ee354dec4e8784b53ffa6ddba6827df93df5b01d956f9302cf3dd27b96,10,13,64.050848,57.380883,1.912707,1.655535,el pop
reception-boat-image-047,278,reception-boat,47,330,repeated-payload,text-fragment,true,assets/images/shared/text-fragment-root-88-fb95a758.png,celebration-image-028,fb95a75826778c93aa4196773881e2e9ac9b8a7ae9f4b70f75fb9e941ee3fadb,7,13,66.652991,57.380883,1.373331,1.655535,el pop
reception-boat-image-048,279,reception-boat,48,332,repeated-payload,text-fragment,true,assets/images/shared/text-fragment-root-322-eef4f8cb.png,reception-boat-image-041,eef4f8cbf4f883031c88be03620cca947462130f3b0faf5f9c0f951e2646e374,10,13,69.363475,57.380883,2.024737,1.655535,el pop
reception-boat-image-049,280,reception-boat,49,333,repeated-payload,text-fragment,true,assets/images/shared/text-fragment-root-88-fb95a758.png,celebration-image-028,fb95a75826778c93aa4196773881e2e9ac9b8a7ae9f4b70f75fb9e941ee3fadb,7,13,71.821232,57.380883,1.373331,1.655535,el pop
reception-boat-image-050,281,reception-boat,50,334,repeated-payload,text-fragment,true,assets/images/shared/text-fragment-root-93-c8a1ad40.png,celebration-image-032,c8a1ad4051d1a5f4e8b73e0b9c68fcffbe0a0101bf8099889b0ddca611319941,11,13,73.772939,57.380883,2.165798,1.655535,el pop
reception-boat-image-051,282,reception-boat,51,335,repeated-payload,text-fragment,true,assets/images/shared/text-fragment-root-96-9da393e0.png,celebration-image-034,9da393e019434ec0c475f1e6bc74e378421ca1a5e3d99e6b54e8443a7a840336,10,13,76.590766,57.380883,1.891961,1.679961,el pop
reception-boat-image-052,283,reception-boat,52,336,repeated-payload,text-fragment,true,assets/images/shared/text-fragment-root-88-fb95a758.png,celebration-image-028,fb95a75826778c93aa4196773881e2e9ac9b8a7ae9f4b70f75fb9e941ee3fadb,7,13,79.13615,57.380883,1.373331,1.655535,el pop
reception-boat-image-053,284,reception-boat,53,338,repeated-payload,text-fragment,true,assets/images/shared/text-fragment-root-80-88cb7e10.png,celebration-image-020,88cb7e1020aa324a528a7a3ecc199af8845035661a64c95922ae2a6d368d36dc,8,13,43.317544,60.375835,1.560037,1.655535,el pop
reception-boat-image-054,285,reception-boat,54,339,repeated-payload,text-fragment,true,assets/images/shared/text-fragment-root-83-b6200645.png,celebration-image-023,b620064541e369a1712e5fd2a6e4560c1e84309736086bdf515f7e3bd76ac3f0,10,13,45.112517,60.375835,1.916855,1.655535,el pop
reception-boat-image-055,286,reception-boat,55,341,repeated-payload,text-fragment,true,assets/images/shared/text-fragment-root-80-88cb7e10.png,celebration-image-020,88cb7e1020aa324a528a7a3ecc199af8845035661a64c95922ae2a6d368d36dc,8,13,48.438784,60.375835,1.560037,1.655535,el pop
reception-boat-image-056,287,reception-boat,56,342,repeated-payload,text-fragment,true,assets/images/shared/text-fragment-root-92-64f9e184.png,celebration-image-031,64f9e1844cf746fb438272d50862473f9098de18f75cf1874381f5330d715c08,13,13,50.37894,60.353688,2.609751,1.701677,el pop
reception-boat-image-057,288,reception-boat,57,343,repeated-payload,text-fragment,true,assets/images/shared/text-fragment-root-81-eee29b05.png,celebration-image-021,eee29b05eff7d198102f66aaa17bc66f999593af385e5d2a2051bf90c121a2b7,11,13,53.257111,60.375835,2.277822,1.655535,el pop
reception-boat-image-058,289,reception-boat,58,344,repeated-payload,text-fragment,true,assets/images/shared/text-fragment-root-86-82b06dd1.png,celebration-image-026,82b06dd13894176c39500e5d4498253df8b048f1c627e174ad83b1caa1e3f855,8,13,55.699334,60.375835,1.589082,1.655535,el pop
reception-boat-image-059,290,reception-boat,59,345,meaningful-artwork,meaningful-artwork,false,assets/images/reception-boat/sailboat-9effaad6.png,reception-boat-image-059,9effaad653078814a17ad6bd7face1385c3de28ea9040bfe33a6bd67cf9fd64e,53,103,56.156192,81.475981,10.549973,13.411236,el from-bottom
reception-boat-image-060,291,reception-boat,60,346,decorative-artwork,decorative-artwork,false,assets/images/reception-boat/top-right-floral-corner-cea9d175.png,reception-boat-image-060,cea9d175a3c1107d9fcfa1c93bf8a819bbb0a9206c68fb1b9fc605b3c8c743e5,110,237,74.881827,0,21.861311,30.892037,el from-right
reception-boat-image-061,292,reception-boat,61,347,meaningful-artwork,meaningful-artwork,false,assets/images/reception-boat/nile-watercolor-59d15642.png,reception-boat-image-061,59d15642e49ea6e1b1e89933903f04de230823f8e29b701f38cda5c095d14b35,502,323,0,57.942355,99.960667,42.057515,el scale-in
reception-boat-image-062,293,reception-boat,62,348,decorative-artwork,decorative-artwork,false,assets/images/reception-boat/left-floral-border-aa4ca07b.png,reception-boat-image-062,aa4ca07b55232286615bef638e1eb51e056144ece28f930c081aaa95dc624947,109,647,0,0,21.609183,84.242566,el from-left
reception-boat-image-063,294,reception-boat,63,349,text-fragment,text-fragment,false,assets/images/shared/reception-heading-r-0a6a56b2.png,reception-boat-image-063,0a6a56b286edbb88d01220c63db1ae8d3b0bf07d298a12d57d5aa4eb2b1aabdd,95,86,32.567222,3.794822,18.968025,11.204742,el from-top
reception-boat-image-064,295,reception-boat,64,350,repeated-payload,text-fragment,true,assets/images/shared/text-fragment-root-67-000f9e3a.png,celebration-image-008,000f9e3ad23e30764b763770d8b440618a00ac878950bc4d2f6059c976ea2108,16,11,44.082493,9.763882,3.170708,1.373144,el from-top
reception-boat-image-065,296,reception-boat,65,351,text-fragment,text-fragment,false,assets/images/shared/text-fragment-root-351-74751f07.png,reception-boat-image-065,74751f078f5b2c87824fe0d6390e364cb3f26771a1f5ab15be43fbb7e0615639,18,11,46.871842,9.57108,3.503394,1.445445,el from-top
reception-boat-image-066,297,reception-boat,66,352,repeated-payload,text-fragment,true,assets/images/shared/text-fragment-root-67-000f9e3a.png,celebration-image-008,000f9e3ad23e30764b763770d8b440618a00ac878950bc4d2f6059c976ea2108,16,11,49.742644,9.763882,3.170708,1.373144,el from-top
reception-boat-image-067,298,reception-boat,67,353,text-fragment,text-fragment,false,assets/images/shared/text-fragment-root-353-d4afc93d.png,reception-boat-image-067,d4afc93d9d141a2aedb8bf20b3f8b728958a588f7ce4f4ada3ae6ad85389935f,30,31,50.22121,9.771698,6.070048,4.08396,el from-top
reception-boat-image-068,299,reception-boat,68,354,repeated-payload,text-fragment,true,assets/images/shared/text-fragment-root-76-b83c7eaa.png,celebration-image-016,b83c7eaa0d45e06b4c7e25a1c55f22e0a1e4ff3a8c353854f8dc71b60f97f68b,18,33,55.805283,6.875753,3.672336,4.333223,el from-top
reception-boat-image-069,300,reception-boat,69,355,repeated-payload,text-fragment,true,assets/images/shared/text-fragment-root-77-fbc49a9b.png,celebration-image-017,fbc49a9bb59974aacb856bf31738a1bc89f4cb2753ca1ef1729fabace370d0e1,12,16,58.235557,9.004397,2.377219,2.107722,el from-top
reception-boat-image-070,301,reception-boat,70,356,repeated-payload,text-fragment,true,assets/images/shared/text-fragment-root-78-824cb961.png,celebration-image-018,824cb96178b60455a897b79c7fe01f0764a41c47a4ddb29c2e2267404ef574f9,12,10,60.053831,9.808175,2.445469,1.273471,el from-top
reception-boat-image-071,302,reception-boat,71,357,repeated-payload,text-fragment,true,assets/images/shared/text-fragment-root-79-3bc0e4e6.png,celebration-image-019,3bc0e4e6ff6c0a0e325663957a21c1ec241902f5c27a7427d8b2933d0842db01,21,9,62.179599,9.855072,4.145605,1.231549,el from-top
reception-boat-image-072,303,reception-boat,72,358,repeated-payload,text-fragment,true,assets/images/shared/text-fragment-root-89-bfe323b7.png,celebration-image-029,bfe323b79e527e2cdbe36887e54377aae206e7819d179659acb865cfef2415fa,9,13,28.009388,16.695652,1.842173,1.655535,el pop
reception-boat-image-073,304,reception-boat,73,359,repeated-payload,text-fragment,true,assets/images/shared/text-fragment-root-88-fb95a758.png,celebration-image-028,fb95a75826778c93aa4196773881e2e9ac9b8a7ae9f4b70f75fb9e941ee3fadb,7,13,30.214021,16.695652,1.373331,1.655535,el pop
reception-boat-image-074,305,reception-boat,74,360,repeated-payload,text-fragment,true,assets/images/shared/text-fragment-root-322-eef4f8cb.png,reception-boat-image-041,eef4f8cbf4f883031c88be03620cca947462130f3b0faf5f9c0f951e2646e374,10,13,31.912603,16.695652,2.024737,1.655535,el pop
reception-boat-image-075,306,reception-boat,75,361,repeated-payload,text-fragment,true,assets/images/shared/text-fragment-root-81-eee29b05.png,celebration-image-021,eee29b05eff7d198102f66aaa17bc66f999593af385e5d2a2051bf90c121a2b7,11,13,34.096524,16.695652,2.277822,1.655535,el pop
reception-boat-image-076,307,reception-boat,76,362,repeated-payload,text-fragment,true,assets/images/shared/text-fragment-root-93-c8a1ad40.png,celebration-image-032,c8a1ad4051d1a5f4e8b73e0b9c68fcffbe0a0101bf8099889b0ddca611319941,11,13,36.791672,16.695652,2.165798,1.655535,el pop
reception-boat-image-077,308,reception-boat,77,363,repeated-payload,text-fragment,true,assets/images/shared/text-fragment-root-81-eee29b05.png,celebration-image-021,eee29b05eff7d198102f66aaa17bc66f999593af385e5d2a2051bf90c121a2b7,11,13,39.373104,16.695652,2.277822,1.655535,el pop
reception-boat-image-078,309,reception-boat,78,365,repeated-payload,text-fragment,true,assets/images/shared/text-fragment-root-288-3d3e2495.png,reception-boat-image-013,3d3e2495883cdbf42fd923dd0ef4b309b9e8a6399f09dc6835af176fef06cbb0,17,13,42.827227,16.695652,3.36072,1.655535,el pop
reception-boat-image-079,310,reception-boat,79,366,repeated-payload,text-fragment,true,assets/images/shared/text-fragment-root-88-fb95a758.png,celebration-image-028,fb95a75826778c93aa4196773881e2e9ac9b8a7ae9f4b70f75fb9e941ee3fadb,7,13,46.622103,16.695652,1.373331,1.655535,el pop
reception-boat-image-080,311,reception-boat,80,367,repeated-payload,text-fragment,true,assets/images/shared/text-fragment-root-95-50465e16.png,celebration-image-033,50465e16ba84946561c89740217b3e7da6470e681d0542f22aff53d73010ef9b,10,13,48.57381,16.695652,2.062078,1.655535,el pop
reception-boat-image-081,312,reception-boat,81,368,repeated-payload,text-fragment,true,assets/images/shared/text-fragment-root-95-50465e16.png,celebration-image-033,50465e16ba84946561c89740217b3e7da6470e681d0542f22aff53d73010ef9b,10,13,51.179538,16.695652,2.062078,1.655535,el pop
reception-boat-image-082,313,reception-boat,82,369,repeated-payload,text-fragment,true,assets/images/shared/text-fragment-root-85-8c672b45.png,celebration-image-025,8c672b4579cceb4b2b943a5506b7e16caa2176ed36c1b5d7995ace9925deee49,1,13,53.801995,16.695652,0.290432,1.655535,el pop
reception-boat-image-083,314,reception-boat,83,370,repeated-payload,text-fragment,true,assets/images/shared/text-fragment-root-93-c8a1ad40.png,celebration-image-032,c8a1ad4051d1a5f4e8b73e0b9c68fcffbe0a0101bf8099889b0ddca611319941,11,13,54.797366,16.695652,2.165798,1.655535,el pop
reception-boat-image-084,315,reception-boat,84,371,repeated-payload,text-fragment,true,assets/images/shared/text-fragment-root-106-b7560b34.png,celebration-image-043,b7560b34d209078dce2717991954d63544015b9d82eef56fc73316267a7dc61c,13,13,57.507252,16.674809,2.551658,1.701677,el pop
reception-boat-image-085,316,reception-boat,85,373,repeated-payload,text-fragment,true,assets/images/shared/text-fragment-root-322-eef4f8cb.png,reception-boat-image-041,eef4f8cbf4f883031c88be03620cca947462130f3b0faf5f9c0f951e2646e374,10,13,61.306309,16.695652,2.024737,1.655535,el pop
reception-boat-image-086,317,reception-boat,86,374,repeated-payload,text-fragment,true,assets/images/shared/text-fragment-root-88-fb95a758.png,celebration-image-028,fb95a75826778c93aa4196773881e2e9ac9b8a7ae9f4b70f75fb9e941ee3fadb,7,13,63.764066,16.695652,1.373331,1.655535,el pop
reception-boat-image-087,318,reception-boat,87,375,repeated-payload,text-fragment,true,assets/images/shared/text-fragment-root-93-c8a1ad40.png,celebration-image-032,c8a1ad4051d1a5f4e8b73e0b9c68fcffbe0a0101bf8099889b0ddca611319941,11,13,65.715575,16.695652,2.165798,1.655535,el pop
reception-boat-image-088,319,reception-boat,88,376,repeated-payload,text-fragment,true,assets/images/shared/text-fragment-root-96-9da393e0.png,celebration-image-034,9da393e019434ec0c475f1e6bc74e378421ca1a5e3d99e6b54e8443a7a840336,10,13,68.533402,16.695652,1.891961,1.679961,el pop
reception-boat-image-089,320,reception-boat,89,377,repeated-payload,text-fragment,true,assets/images/shared/text-fragment-root-88-fb95a758.png,celebration-image-028,fb95a75826778c93aa4196773881e2e9ac9b8a7ae9f4b70f75fb9e941ee3fadb,7,13,71.078985,16.695652,1.373331,1.655535,el pop
reception-car-image-001,321,reception-car,1,379,meaningful-artwork,meaningful-artwork,false,assets/images/reception-car/car-map-snapshot-59cea0e2.png,reception-car-image-001,59cea0e28978087159d87dd0e859fc5b26fe2159e060ffa89f044281a52e430d,314,236,19.692367,25.066927,62.550822,30.687119,el scale-in
reception-car-image-002,322,reception-car,2,380,decorative-artwork,decorative-artwork,false,assets/images/reception-car/upper-left-floral-spray-e71a59bf.png,reception-car-image-002,e71a59bf6077afedbda75a6afcef1f7ea8a36dcb0a2c938b11828dfae7023157,175,247,64.873353,0.570591,34.835384,32.230321,el from-right
reception-car-image-003,323,reception-car,3,381,repeated-payload,text-fragment,true,assets/images/shared/text-fragment-root-276-3e7dae9d.png,reception-boat-image-002,3e7dae9d679e446925d6dca793498e7f0d2555988b73c7a55cf56b931c50ca23,9,13,20.556655,59.366227,1.788236,1.655535,el pop
reception-car-image-004,324,reception-car,4,382,repeated-payload,text-fragment,true,assets/images/shared/text-fragment-root-85-8c672b45.png,celebration-image-025,8c672b4579cceb4b2b943a5506b7e16caa2176ed36c1b5d7995ace9925deee49,1,13,22.723647,59.366227,0.290432,1.655535,el pop
reception-car-image-005,325,reception-car,5,383,repeated-payload,text-fragment,true,assets/images/shared/text-fragment-root-93-c8a1ad40.png,celebration-image-032,c8a1ad4051d1a5f4e8b73e0b9c68fcffbe0a0101bf8099889b0ddca611319941,11,13,23.719018,59.366227,2.165798,1.655535,el pop
reception-car-image-006,326,reception-car,6,384,repeated-payload,text-fragment,true,assets/images/shared/text-fragment-root-95-50465e16.png,celebration-image-033,50465e16ba84946561c89740217b3e7da6470e681d0542f22aff53d73010ef9b,10,13,26.574087,59.366227,2.062078,1.655535,el pop
reception-car-image-007,327,reception-car,7,385,repeated-payload,text-fragment,true,assets/images/shared/text-fragment-root-280-5f35153b.png,reception-boat-image-006,5f35153be67a4dde21c855ea7c599b57777f6f365b495e0705ac84fc9d139604,6,13,29.180014,59.366227,1.265457,1.655535,el pop
reception-car-image-008,328,reception-car,8,386,repeated-payload,text-fragment,true,assets/images/shared/text-fragment-root-83-b6200645.png,celebration-image-023,b620064541e369a1712e5fd2a6e4560c1e84309736086bdf515f7e3bd76ac3f0,10,13,30.624277,59.366227,1.916855,1.655535,el pop
reception-car-image-009,329,reception-car,9,388,repeated-payload,text-fragment,true,assets/images/shared/text-fragment-root-283-9fe61c86.png,reception-boat-image-008,9fe61c86278324142be67b7afd0dd9264ac04e01b244ff98f28f9f9f5ec09aae,6,13,33.950544,59.366227,1.190774,1.655535,el pop
reception-car-image-010,330,reception-car,10,389,repeated-payload,text-fragment,true,assets/images/shared/text-fragment-root-92-64f9e184.png,celebration-image-031,64f9e1844cf746fb438272d50862473f9098de18f75cf1874381f5330d715c08,13,13,35.522067,59.344081,2.609751,1.701677,el pop
reception-car-image-011,331,reception-car,11,390,repeated-payload,text-fragment,true,assets/images/shared/text-fragment-root-280-5f35153b.png,reception-boat-image-006,5f35153be67a4dde21c855ea7c599b57777f6f365b495e0705ac84fc9d139604,6,13,38.674273,59.366227,1.265457,1.655535,el pop
reception-car-image-012,332,reception-car,12,391,repeated-payload,text-fragment,true,assets/images/shared/text-fragment-root-280-5f35153b.png,reception-boat-image-006,5f35153be67a4dde21c855ea7c599b57777f6f365b495e0705ac84fc9d139604,6,13,40.409102,59.366227,1.265457,1.655535,el pop
reception-car-image-013,333,reception-car,13,392,repeated-payload,text-fragment,true,assets/images/shared/text-fragment-root-92-64f9e184.png,celebration-image-031,64f9e1844cf746fb438272d50862473f9098de18f75cf1874381f5330d715c08,13,13,41.998548,59.344081,2.609751,1.701677,el pop
reception-car-image-014,334,reception-car,14,393,repeated-payload,text-fragment,true,assets/images/shared/text-fragment-root-288-3d3e2495.png,reception-boat-image-013,3d3e2495883cdbf42fd923dd0ef4b309b9e8a6399f09dc6835af176fef06cbb0,17,13,44.89763,59.366227,3.36072,1.655535,el pop
reception-car-image-015,335,reception-car,15,395,repeated-payload,text-fragment,true,assets/images/shared/text-fragment-root-86-82b06dd1.png,celebration-image-026,82b06dd13894176c39500e5d4498253df8b048f1c627e174ad83b1caa1e3f855,8,13,49.451481,59.366227,1.589082,1.655535,el pop
reception-car-image-016,336,reception-car,16,396,repeated-payload,text-fragment,true,assets/images/shared/text-fragment-root-109-590b73ee.png,celebration-image-045,590b73ee354dec4e8784b53ffa6ddba6827df93df5b01d956f9302cf3dd27b96,10,13,51.475481,59.366227,1.912707,1.655535,el pop
reception-car-image-017,337,reception-car,17,397,repeated-payload,text-fragment,true,assets/images/shared/text-fragment-root-85-8c672b45.png,celebration-image-025,8c672b4579cceb4b2b943a5506b7e16caa2176ed36c1b5d7995ace9925deee49,1,13,54.094353,59.366227,0.290432,1.655535,el pop
reception-car-image-018,338,reception-car,18,398,repeated-payload,text-fragment,true,assets/images/shared/text-fragment-root-84-3ceda06e.png,celebration-image-024,3ceda06e4373de83d7a937144f702a3612f18c5c0546607e8f441329bc70703d,8,13,54.927812,59.344081,1.667913,1.701677,el pop
reception-car-image-019,339,reception-car,19,400,repeated-payload,text-fragment,true,assets/images/shared/text-fragment-root-280-5f35153b.png,reception-boat-image-006,5f35153be67a4dde21c855ea7c599b57777f6f365b495e0705ac84fc9d139604,6,13,58.132794,59.366227,1.265457,1.655535,el pop
reception-car-image-020,340,reception-car,20,401,repeated-payload,text-fragment,true,assets/images/shared/text-fragment-root-92-64f9e184.png,celebration-image-031,64f9e1844cf746fb438272d50862473f9098de18f75cf1874381f5330d715c08,13,13,59.72224,59.344081,2.609751,1.701677,el pop
reception-car-image-021,341,reception-car,21,402,repeated-payload,text-fragment,true,assets/images/shared/text-fragment-root-103-6838b7eb.png,celebration-image-040,6838b7eb5a6372bf674aea514e8108f14e94dc14ecbf5fb5e6272f8feb1f0ef0,12,13,62.729263,59.344081,2.460386,1.701677,el pop
reception-car-image-022,342,reception-car,22,403,repeated-payload,text-fragment,true,assets/images/shared/text-fragment-root-81-eee29b05.png,celebration-image-021,eee29b05eff7d198102f66aaa17bc66f999593af385e5d2a2051bf90c121a2b7,11,13,65.405293,59.366227,2.277822,1.655535,el pop
reception-car-image-023,343,reception-car,23,404,repeated-payload,text-fragment,true,assets/images/shared/text-fragment-root-86-82b06dd1.png,celebration-image-026,82b06dd13894176c39500e5d4498253df8b048f1c627e174ad83b1caa1e3f855,8,13,67.847317,59.366227,1.589082,1.655535,el pop
reception-car-image-024,344,reception-car,24,405,repeated-payload,text-fragment,true,assets/images/shared/text-fragment-root-85-8c672b45.png,celebration-image-025,8c672b4579cceb4b2b943a5506b7e16caa2176ed36c1b5d7995ace9925deee49,1,13,69.888046,59.366227,0.290432,1.655535,el pop
reception-car-image-025,345,reception-car,25,406,repeated-payload,text-fragment,true,assets/images/shared/text-fragment-root-92-64f9e184.png,celebration-image-031,64f9e1844cf746fb438272d50862473f9098de18f75cf1874381f5330d715c08,13,13,70.738233,59.344081,2.609751,1.701677,el pop
reception-car-image-026,346,reception-car,26,407,repeated-payload,text-fragment,true,assets/images/shared/text-fragment-root-93-c8a1ad40.png,celebration-image-032,c8a1ad4051d1a5f4e8b73e0b9c68fcffbe0a0101bf8099889b0ddca611319941,11,13,73.89024,59.366227,2.165798,1.655535,el pop
reception-car-image-027,347,reception-car,27,409,repeated-payload,text-fragment,true,assets/images/shared/text-fragment-root-85-8c672b45.png,celebration-image-025,8c672b4579cceb4b2b943a5506b7e16caa2176ed36c1b5d7995ace9925deee49,1,13,77.774138,59.366227,0.290432,1.655535,el pop
reception-car-image-028,348,reception-car,28,410,repeated-payload,text-fragment,true,assets/images/shared/text-fragment-root-283-9fe61c86.png,reception-boat-image-008,9fe61c86278324142be67b7afd0dd9264ac04e01b244ff98f28f9f9f5ec09aae,6,13,78.769508,59.366227,1.190774,1.655535,el pop
reception-car-image-029,349,reception-car,29,411,repeated-payload,text-fragment,true,assets/images/shared/text-fragment-root-83-b6200645.png,celebration-image-023,b620064541e369a1712e5fd2a6e4560c1e84309736086bdf515f7e3bd76ac3f0,10,13,18.648841,62.361179,1.916855,1.655535,el pop
reception-car-image-030,350,reception-car,30,412,repeated-payload,text-fragment,true,assets/images/shared/text-fragment-root-92-64f9e184.png,celebration-image-031,64f9e1844cf746fb438272d50862473f9098de18f75cf1874381f5330d715c08,13,13,20.817945,62.339033,2.609751,1.701677,el pop
reception-car-image-031,351,reception-car,31,413,repeated-payload,text-fragment,true,assets/images/shared/text-fragment-root-96-9da393e0.png,celebration-image-034,9da393e019434ec0c475f1e6bc74e378421ca1a5e3d99e6b54e8443a7a840336,10,13,23.932909,62.361179,1.891961,1.679961,el pop
reception-car-image-032,352,reception-car,32,415,repeated-payload,text-fragment,true,assets/images/shared/text-fragment-root-288-3d3e2495.png,reception-boat-image-013,3d3e2495883cdbf42fd923dd0ef4b309b9e8a6399f09dc6835af176fef06cbb0,17,13,27.237269,62.361179,3.36072,1.655535,el pop
reception-car-image-033,353,reception-car,33,416,repeated-payload,text-fragment,true,assets/images/shared/text-fragment-root-85-8c672b45.png,celebration-image-025,8c672b4579cceb4b2b943a5506b7e16caa2176ed36c1b5d7995ace9925deee49,1,13,31.048674,62.361179,0.290432,1.655535,el pop
reception-car-image-034,354,reception-car,34,417,repeated-payload,text-fragment,true,assets/images/shared/text-fragment-root-84-3ceda06e.png,celebration-image-024,3ceda06e4373de83d7a937144f702a3612f18c5c0546607e8f441329bc70703d,8,13,31.882332,62.339033,1.667913,1.701677,el pop
reception-car-image-035,355,reception-car,35,418,repeated-payload,text-fragment,true,assets/images/shared/text-fragment-root-109-590b73ee.png,celebration-image-045,590b73ee354dec4e8784b53ffa6ddba6827df93df5b01d956f9302cf3dd27b96,10,13,34.075214,62.361179,1.912707,1.655535,el pop
reception-car-image-036,356,reception-car,36,420,repeated-payload,text-fragment,true,assets/images/shared/text-fragment-root-86-82b06dd1.png,celebration-image-026,82b06dd13894176c39500e5d4498253df8b048f1c627e174ad83b1caa1e3f855,8,13,37.436333,62.361179,1.589082,1.655535,el pop
reception-car-image-037,357,reception-car,37,421,repeated-payload,text-fragment,true,assets/images/shared/text-fragment-root-92-64f9e184.png,celebration-image-031,64f9e1844cf746fb438272d50862473f9098de18f75cf1874381f5330d715c08,13,13,39.31515,62.339033,2.609751,1.701677,el pop
reception-car-image-038,358,reception-car,38,423,repeated-payload,text-fragment,true,assets/images/shared/text-fragment-root-81-eee29b05.png,celebration-image-021,eee29b05eff7d198102f66aaa17bc66f999593af385e5d2a2051bf90c121a2b7,11,13,43.20542,62.361179,2.277822,1.655535,el pop
reception-car-image-039,359,reception-car,39,424,repeated-payload,text-fragment,true,assets/images/shared/text-fragment-root-89-bfe323b7.png,celebration-image-029,bfe323b79e527e2cdbe36887e54377aae206e7819d179659acb865cfef2415fa,9,13,45.900768,62.361179,1.842173,1.655535,el pop
reception-car-image-040,360,reception-car,40,425,repeated-payload,text-fragment,true,assets/images/shared/text-fragment-root-89-bfe323b7.png,celebration-image-029,bfe323b79e527e2cdbe36887e54377aae206e7819d179659acb865cfef2415fa,9,13,48.1054,62.361179,1.842173,1.655535,el pop
reception-car-image-041,361,reception-car,41,426,repeated-payload,text-fragment,true,assets/images/shared/text-fragment-root-85-8c672b45.png,celebration-image-025,8c672b4579cceb4b2b943a5506b7e16caa2176ed36c1b5d7995ace9925deee49,1,13,50.326562,62.361179,0.290432,1.655535,el pop
reception-car-image-042,362,reception-car,42,427,repeated-payload,text-fragment,true,assets/images/shared/text-fragment-root-322-eef4f8cb.png,reception-boat-image-041,eef4f8cbf4f883031c88be03620cca947462130f3b0faf5f9c0f951e2646e374,10,13,51.068809,62.361179,2.024737,1.655535,el pop
reception-car-image-043,363,reception-car,43,428,repeated-payload,text-fragment,true,assets/images/shared/text-fragment-root-88-fb95a758.png,celebration-image-028,fb95a75826778c93aa4196773881e2e9ac9b8a7ae9f4b70f75fb9e941ee3fadb,7,13,53.526566,62.361179,1.373331,1.655535,el pop
reception-car-image-044,364,reception-car,44,430,repeated-payload,text-fragment,true,assets/images/shared/text-fragment-root-86-82b06dd1.png,celebration-image-026,82b06dd13894176c39500e5d4498253df8b048f1c627e174ad83b1caa1e3f855,8,13,56.237049,62.361179,1.589082,1.655535,el pop
reception-car-image-045,365,reception-car,45,431,repeated-payload,text-fragment,true,assets/images/shared/text-fragment-root-92-64f9e184.png,celebration-image-031,64f9e1844cf746fb438272d50862473f9098de18f75cf1874381f5330d715c08,13,13,58.115866,62.339033,2.609751,1.701677,el pop
reception-car-image-046,366,reception-car,46,433,repeated-payload,text-fragment,true,assets/images/shared/text-fragment-root-86-82b06dd1.png,celebration-image-026,82b06dd13894176c39500e5d4498253df8b048f1c627e174ad83b1caa1e3f855,8,13,62.026848,62.361179,1.589082,1.655535,el pop
reception-car-image-047,367,reception-car,47,434,repeated-payload,text-fragment,true,assets/images/shared/text-fragment-root-109-590b73ee.png,celebration-image-045,590b73ee354dec4e8784b53ffa6ddba6827df93df5b01d956f9302cf3dd27b96,10,13,64.050848,62.361179,1.912707,1.655535,el pop
reception-car-image-048,368,reception-car,48,435,repeated-payload,text-fragment,true,assets/images/shared/text-fragment-root-88-fb95a758.png,celebration-image-028,fb95a75826778c93aa4196773881e2e9ac9b8a7ae9f4b70f75fb9e941ee3fadb,7,13,66.652991,62.361179,1.373331,1.655535,el pop
reception-car-image-049,369,reception-car,49,437,repeated-payload,text-fragment,true,assets/images/shared/text-fragment-root-322-eef4f8cb.png,reception-boat-image-041,eef4f8cbf4f883031c88be03620cca947462130f3b0faf5f9c0f951e2646e374,10,13,69.363475,62.361179,2.024737,1.655535,el pop
reception-car-image-050,370,reception-car,50,438,repeated-payload,text-fragment,true,assets/images/shared/text-fragment-root-88-fb95a758.png,celebration-image-028,fb95a75826778c93aa4196773881e2e9ac9b8a7ae9f4b70f75fb9e941ee3fadb,7,13,71.821232,62.361179,1.373331,1.655535,el pop
reception-car-image-051,371,reception-car,51,439,repeated-payload,text-fragment,true,assets/images/shared/text-fragment-root-93-c8a1ad40.png,celebration-image-032,c8a1ad4051d1a5f4e8b73e0b9c68fcffbe0a0101bf8099889b0ddca611319941,11,13,73.772939,62.361179,2.165798,1.655535,el pop
reception-car-image-052,372,reception-car,52,440,repeated-payload,text-fragment,true,assets/images/shared/text-fragment-root-96-9da393e0.png,celebration-image-034,9da393e019434ec0c475f1e6bc74e378421ca1a5e3d99e6b54e8443a7a840336,10,13,76.590766,62.361179,1.891961,1.679961,el pop
reception-car-image-053,373,reception-car,53,441,repeated-payload,text-fragment,true,assets/images/shared/text-fragment-root-88-fb95a758.png,celebration-image-028,fb95a75826778c93aa4196773881e2e9ac9b8a7ae9f4b70f75fb9e941ee3fadb,7,13,79.13615,62.361179,1.373331,1.655535,el pop
reception-car-image-054,374,reception-car,54,443,repeated-payload,text-fragment,true,assets/images/shared/text-fragment-root-80-88cb7e10.png,celebration-image-020,88cb7e1020aa324a528a7a3ecc199af8845035661a64c95922ae2a6d368d36dc,8,13,44.244406,65.356131,1.560037,1.655535,el pop
reception-car-image-055,375,reception-car,55,444,repeated-payload,text-fragment,true,assets/images/shared/text-fragment-root-83-b6200645.png,celebration-image-023,b620064541e369a1712e5fd2a6e4560c1e84309736086bdf515f7e3bd76ac3f0,10,13,46.03918,65.356131,1.916855,1.655535,el pop
reception-car-image-056,376,reception-car,56,446,repeated-payload,text-fragment,true,assets/images/shared/text-fragment-root-103-6838b7eb.png,celebration-image-040,6838b7eb5a6372bf674aea514e8108f14e94dc14ecbf5fb5e6272f8feb1f0ef0,12,13,49.220462,65.333985,2.460386,1.701677,el pop
reception-car-image-057,377,reception-car,57,447,repeated-payload,text-fragment,true,assets/images/shared/text-fragment-root-81-eee29b05.png,celebration-image-021,eee29b05eff7d198102f66aaa17bc66f999593af385e5d2a2051bf90c121a2b7,11,13,51.896293,65.356131,2.277822,1.655535,el pop
reception-car-image-058,378,reception-car,58,448,repeated-payload,text-fragment,true,assets/images/shared/text-fragment-root-89-bfe323b7.png,celebration-image-029,bfe323b79e527e2cdbe36887e54377aae206e7819d179659acb865cfef2415fa,9,13,54.59164,65.356131,1.842173,1.655535,el pop
reception-car-image-059,379,reception-car,59,449,decorative-artwork,decorative-artwork,false,assets/images/reception-car/top-right-floral-corner-122ab912.png,reception-car-image-059,122ab91262b38a73a39df0f680e1d4b8721ac766a6890bf11279b89243c4426f,165,367,66.768301,51.301091,32.843846,47.754828,el from-right
reception-car-image-060,380,reception-car,60,450,decorative-artwork,decorative-artwork,false,assets/images/reception-car/right-floral-border-e2547c6b.png,reception-car-image-060,e2547c6b74653d9773adffc3f3dab387601dbaebd47beb0eeb695702a1f6b062,106,665,0.068459,0.57971,21.031437,86.588504,el from-left
reception-car-image-061,381,reception-car,61,451,text-fragment,text-fragment,false,assets/images/reception-car/text-fragment-root-451-90293039.png,reception-car-image-061,902930395c74e2843c0f549ca85ae8a116d88cafd464333d4b7124cfdab1d529,10,8,38.248283,82.953265,2.072076,1.017718,el pop
reception-car-image-062,382,reception-car,62,452,text-fragment,text-fragment,false,assets/images/reception-car/text-fragment-root-452-9a5730c5.png,reception-car-image-062,9a5730c5b39af48fbc3383a670ae6f50f9605457ed1dbe96e550bf1006478a43,8,8,36.041261,84.317212,1.624284,1.080465,el pop
reception-car-image-063,383,reception-car,63,453,text-fragment,text-fragment,false,assets/images/reception-car/text-fragment-root-453-e7b2c849.png,reception-car-image-063,e7b2c849bf6b5f41467c61f194c1ab63c23b3956a657b21d9fe08b18a23d591e,16,19,17.616129,92.245563,3.259311,2.461957,el from-bottom
reception-car-image-064,384,reception-car,64,454,text-fragment,text-fragment,false,assets/images/reception-car/text-fragment-root-454-4c8f2657.png,reception-car-image-064,4c8f2657e7482d9decba8720c69a422df464e782ba5e2204bd7d14cd19ce5d09,10,4,23.417897,92.629865,1.991168,0.583553,el from-bottom
reception-car-image-065,385,reception-car,65,455,text-fragment,text-fragment,false,assets/images/reception-car/text-fragment-root-455-d54876fe.png,reception-car-image-065,d54876fe9fc7cdf25879cfda9a36de7991f99c2d6d6b951bb23a04cd1c48b599,10,4,20.930865,93.066276,1.937621,0.52321,el from-bottom
reception-car-image-066,386,reception-car,66,456,text-fragment,text-fragment,false,assets/images/reception-car/text-fragment-root-456-5bc6bf82.png,reception-car-image-066,5bc6bf82ebbafe44581a0d2ba41065eb8feed1c603f1fd02064772bad49abd9d,10,5,25.983397,92.076209,1.902094,0.641239,el from-bottom
reception-car-image-067,387,reception-car,67,457,text-fragment,text-fragment,false,assets/images/reception-car/text-fragment-root-457-fd8c5bca.png,reception-car-image-067,fd8c5bca6f7e0af79bc82f2819a11ed7825319024caffa29491efe93094aa257,7,7,30.440259,90.183358,1.457621,0.889643,el from-bottom
reception-car-image-068,388,reception-car,68,458,text-fragment,text-fragment,false,assets/images/reception-car/text-fragment-root-458-1e49d2a4.png,reception-car-image-068,1e49d2a410ae8d0bc9dc1e77fabf2c8ebad873b8d896bcdee847e4e7727ba4f0,9,6,28.420242,91.250285,1.770194,0.820983,el from-bottom
reception-car-image-069,389,reception-car,69,459,text-fragment,text-fragment,false,assets/images/reception-car/text-fragment-root-459-70c717ce.png,reception-car-image-069,70c717cefbbfe44f9b733bee6cd54f85d1f2e407c28c99781fcc6aaa3e981200,7,7,32.01457,88.997883,1.331604,0.915396,el from-bottom
reception-car-image-070,390,reception-car,70,460,text-fragment,text-fragment,false,assets/images/reception-car/text-fragment-root-460-7044dbe4.png,reception-car-image-070,7044dbe447bb5e9487cc57b616944e4dd00b238c27eb0b2a76af3d1e18de2cf3,7,8,34.42453,86.023775,1.312109,1.037413,el pop
reception-car-image-071,391,reception-car,71,461,text-fragment,text-fragment,false,assets/images/reception-car/text-fragment-root-461-b700e94f.png,reception-car-image-071,b700e94f65127671f564dec84734c6efefebdf20a34a25b562667aec3c915cc0,6,7,33.300307,87.603973,1.188211,0.972239,el pop
reception-car-image-072,392,reception-car,72,462,text-fragment,text-fragment,false,assets/images/reception-car/text-fragment-root-462-777043ab.png,reception-car-image-072,777043ab9e08b0bbf0091563300080e9c5650ad5f1714d531ef8b6c4c78a11c7,18,17,75.520513,66.337079,3.582558,2.259853,el pop
reception-car-image-073,393,reception-car,73,463,text-fragment,text-fragment,false,assets/images/reception-car/text-fragment-root-463-e1ca5db7.png,reception-car-image-073,e1ca5db7ea08c9814e1e2d77b1b198ee9173d741c8813a3ce7bb5e557af3637e,12,6,50.206473,83.20469,2.355611,0.842559,el pop
reception-car-image-074,394,reception-car,74,464,text-fragment,text-fragment,false,assets/images/reception-car/text-fragment-root-464-7f3bec6e.png,reception-car-image-074,7f3bec6eee3b891b5689629c1054a95c337fa2e037511379f8103054e6deaed5,12,5,60.400757,84.129621,2.475701,0.608589,el pop
reception-car-image-075,395,reception-car,75,465,text-fragment,text-fragment,false,assets/images/reception-car/text-fragment-root-465-b4c1957f.png,reception-car-image-075,b4c1957fbc18cec3503ead36ba11d8bd167da61cb3f79f0f7576c76187af395a,12,5,41.101759,82.189871,2.386759,0.714806,el pop
reception-car-image-076,396,reception-car,76,466,text-fragment,text-fragment,false,assets/images/reception-car/text-fragment-root-466-5b725a9d.png,reception-car-image-076,5b725a9dcf1f5522aaa86a1f76bbd88c2e5cf7bcd90b9f8d92fb67efed5928e5,12,5,54.050938,83.936818,2.480919,0.59679,el pop
reception-car-image-077,397,reception-car,77,467,text-fragment,text-fragment,false,assets/images/reception-car/text-fragment-root-467-cd082225.png,reception-car-image-077,cd08222548924adee45825d7e7104e317568f9e3ff6807731ac12222646d3ee0,11,4,57.574765,84.129621,2.10169,0.560158,el pop
reception-car-image-078,398,reception-car,78,468,text-fragment,text-fragment,false,assets/images/reception-car/text-fragment-root-468-b3129a8c.png,reception-car-image-078,b3129a8cadbba1de1674610240a2d27024a9326dff0dd4227a8f1d62ca2e1341,10,5,47.443214,82.761765,2.064229,0.601532,el pop
reception-car-image-079,399,reception-car,79,469,text-fragment,text-fragment,false,assets/images/reception-car/text-fragment-root-469-794c77e2.png,reception-car-image-079,794c77e2d152cdb110f189996c7e706be7954764d26bf31b3ceaf99220401f97,10,5,44.559865,82.31363,2.03806,0.592878,el pop
reception-car-image-080,400,reception-car,80,470,text-fragment,text-fragment,false,assets/images/reception-car/text-fragment-root-470-b1a19e9d.png,reception-car-image-080,b1a19e9dc68337b0d0046a37c290c7f8af20d6cae87fd0e9cd2de591e942f61b,11,5,64.662051,70.929165,2.121884,0.652148,el pop
reception-car-image-081,401,reception-car,81,471,text-fragment,text-fragment,false,assets/images/reception-car/text-fragment-root-471-a45090f5.png,reception-car-image-081,a45090f57eaeb2cbd50fcd65dfa32fd7052f9d242d35bed44062b94c0f8334d3,10,6,68.546745,82.550725,1.915441,0.783316,el pop
reception-car-image-082,402,reception-car,82,472,text-fragment,text-fragment,false,assets/images/reception-car/text-fragment-root-472-b33fbaee.png,reception-car-image-082,b33fbaee43a131faeba582ad8f8dd6e81af44f0788a5512be08ad4ec78fc92ad,8,7,70.653593,81.552842,1.571718,0.923327,el pop
reception-car-image-083,403,reception-car,83,473,text-fragment,text-fragment,false,assets/images/reception-car/text-fragment-root-473-84a4d624.png,reception-car-image-083,84a4d624b64d95a209e99463d90d718adfec019e3f5fad5fc8f50b81185596ca,10,5,67.690384,71.398144,2.009701,0.657729,el pop
reception-car-image-084,404,reception-car,84,474,text-fragment,text-fragment,false,assets/images/reception-car/text-fragment-root-474-9efeff15.png,reception-car-image-084,9efeff15183546786e0a32559758e40302854ba8ba47b94c31615815f1114f12,6,9,75.67665,68.697606,1.208163,1.131886,el pop
reception-car-image-085,405,reception-car,85,475,text-fragment,text-fragment,false,assets/images/reception-car/text-fragment-root-475-2dab6f11.png,reception-car-image-085,2dab6f11fe9f3df1c8143854112a826977224ee55b6a64920a8dde18ed5919cc,10,4,63.49262,83.91858,1.908095,0.566395,el pop
reception-car-image-086,406,reception-car,86,476,text-fragment,text-fragment,false,assets/images/reception-car/text-fragment-root-476-1c0a6191.png,reception-car-image-086,1c0a61916f3618cb638d2b09ed2ee2072d71c2d20ab46e01c3e8a703d52a9dc8,5,9,72.370099,79.938772,1.031481,1.219331,el pop
reception-car-image-087,407,reception-car,87,477,text-fragment,text-fragment,false,assets/images/reception-car/text-fragment-root-477-0927a19c.png,reception-car-image-087,0927a19ceddb198c3126e945d7fd761e79b556cba97fe864780f05290a9e79a9,9,6,69.212516,77.720241,1.768767,0.717238,el pop
reception-car-image-088,408,reception-car,88,478,text-fragment,text-fragment,false,assets/images/reception-car/text-fragment-root-478-8b82dc54.png,reception-car-image-088,8b82dc545ad52e694f7dc77a281652e45f4fd958a7c4c758e3a368700f98ef9b,9,4,57.183826,70.909624,1.747433,0.554797,el pop
reception-car-image-089,409,reception-car,89,479,text-fragment,text-fragment,false,assets/images/reception-car/text-fragment-root-479-ea178343.png,reception-car-image-089,ea1783432150c136965d4d64269908eedfd75720b07ab86267db4eed30c35d6b,9,4,70.410625,71.740759,1.769201,0.523692,el pop
reception-car-image-090,410,reception-car,90,480,text-fragment,text-fragment,false,assets/images/reception-car/text-fragment-root-480-90036697.png,reception-car-image-090,90036697229232dc0c91956fb0f1e4d9663018b7fb0396b0c50126ab043472cc,8,4,62.604394,70.660804,1.614534,0.585665,el pop
reception-car-image-091,411,reception-car,91,481,text-fragment,text-fragment,false,assets/images/reception-car/text-fragment-root-481-5d8e4890.png,reception-car-image-091,5d8e48909692bafdf2656b60a934915aca59cb943a43797fce73463cf541862a,7,7,74.592257,70.212669,1.323929,0.963189,el pop
reception-car-image-092,412,reception-car,92,482,text-fragment,text-fragment,false,assets/images/reception-car/text-fragment-root-482-fb34fbf5.png,reception-car-image-092,fb34fbf51ec2bc07f0f68e431ac272d691e1bf148064503da3aeb3c1964c4131,9,4,66.072259,83.368832,1.835003,0.558801,el pop
reception-car-image-093,413,reception-car,93,483,text-fragment,text-fragment,false,assets/images/reception-car/text-fragment-root-483-31789f7c.png,reception-car-image-093,31789f7cc698fa4aea26ad87622ddbaaa1177a154336f5a39cb868ce4fd2b3b6,8,5,72.996836,71.421593,1.651973,0.614383,el pop
reception-car-image-094,414,reception-car,94,484,text-fragment,text-fragment,false,assets/images/reception-car/text-fragment-root-484-004cd5df.png,reception-car-image-094,004cd5df14f1a6da8e47b9a4fbb9639efef01e8e0205cda2f80872715d1ab930,6,8,71.805698,78.445856,1.183659,1.023452,el pop
reception-car-image-095,415,reception-car,95,485,text-fragment,text-fragment,false,assets/images/reception-car/text-fragment-root-485-a017d091.png,reception-car-image-095,a017d0918720e33b3cd2807e55eeb3a0756e205c45be85a66a3552f356ad9f63,9,3,60.049649,70.576128,1.886425,0.42853,el pop
reception-car-image-096,416,reception-car,96,486,text-fragment,text-fragment,false,assets/images/reception-car/text-fragment-root-486-50d550ab.png,reception-car-image-096,50d550abbfbcf96c401e633c627602b9601509f7b9339cca0cc0ef0bf87d733a,5,7,54.302469,74.071324,1.056346,0.851942,el pop
reception-car-image-097,417,reception-car,97,487,text-fragment,text-fragment,false,assets/images/reception-car/text-fragment-root-487-ee0487ec.png,reception-car-image-097,ee0487ece7b166968892363adbc42e1dff7f820e3d646cf8315b46bf5362502d,7,4,67.309602,77.445367,1.492488,0.53178,el pop
reception-car-image-098,418,reception-car,98,488,text-fragment,text-fragment,false,assets/images/reception-car/text-fragment-root-488-81e3d6d9.png,reception-car-image-098,81e3d6d9a5977b98a110453224677eb7b2625575ac5ff323aef296bfa37b2a42,7,5,57.901178,75.955056,1.362511,0.653672,el pop
reception-car-image-099,419,reception-car,99,489,text-fragment,text-fragment,false,assets/images/reception-car/text-fragment-root-489-1fbd8257.png,reception-car-image-099,1fbd82578742dd2465f14e214ede04c9a901fbced7454eb23415eaec63c4fb7a,8,4,64.935489,77.216089,1.564817,0.515322,el pop
reception-car-image-100,420,reception-car,100,490,text-fragment,text-fragment,false,assets/images/reception-car/text-fragment-root-490-f45cd4c5.png,reception-car-image-100,f45cd4c5494a0ad5fd6a1379fc187d2c13b8c94361c77b2afb59055daf315bc0,9,4,62.186768,76.924279,1.843957,0.488508,el pop
reception-car-image-101,421,reception-car,101,491,text-fragment,text-fragment,false,assets/images/reception-car/text-fragment-root-491-2977b2b0.png,reception-car-image-101,2977b2b070896dc40410adcdc87cbc466140c937d283ccd6738cc615a505f78a,7,5,54.878621,71.472399,1.45877,0.662138,el pop
reception-car-image-102,422,reception-car,102,492,text-fragment,text-fragment,false,assets/images/reception-car/text-fragment-root-492-519ac5c0.png,reception-car-image-102,519ac5c0ecdcab313bf2741995373955d224bf88f41c657f96490d7689140f15,4,7,53.854572,72.6227,0.792742,0.923564,el pop
reception-car-image-103,423,reception-car,103,493,text-fragment,text-fragment,false,assets/images/reception-car/text-fragment-root-493-ef731f53.png,reception-car-image-103,ef731f53481736c6b1e3dece8d94078ecbc0cf44f4c59dccb667bfdecd86a46d,7,4,60.191048,76.573848,1.415737,0.494145,el pop
reception-car-image-104,424,reception-car,104,494,text-fragment,text-fragment,false,assets/images/reception-car/text-fragment-root-494-9d53885c.png,reception-car-image-104,9d53885c1a5519c63d82ccc77a72f517b578b1bd0b87a1dbb50105696a82de9d,5,5,56.055819,75.264615,1.083638,0.612526,el pop
reception-car-image-105,425,reception-car,105,495,meaningful-artwork,meaningful-artwork,false,assets/images/reception-car/pink-car-8eaff23b.png,reception-car-image-105,8eaff23bd2b4ed9ca4cab95fa8bcd762f59711b61eac3a463e62bd2a5c37f9f1,175,89,2.920929,86.086305,34.785596,11.579665,el from-left
reception-car-image-106,426,reception-car,106,496,repeated-payload,text-fragment,true,assets/images/shared/text-fragment-root-89-bfe323b7.png,celebration-image-029,bfe323b79e527e2cdbe36887e54377aae206e7819d179659acb865cfef2415fa,9,13,28.009388,21.675949,1.842173,1.655535,el pop
reception-car-image-107,427,reception-car,107,497,repeated-payload,text-fragment,true,assets/images/shared/text-fragment-root-88-fb95a758.png,celebration-image-028,fb95a75826778c93aa4196773881e2e9ac9b8a7ae9f4b70f75fb9e941ee3fadb,7,13,30.214021,21.675949,1.373331,1.655535,el pop
reception-car-image-108,428,reception-car,108,498,repeated-payload,text-fragment,true,assets/images/shared/text-fragment-root-322-eef4f8cb.png,reception-boat-image-041,eef4f8cbf4f883031c88be03620cca947462130f3b0faf5f9c0f951e2646e374,10,13,31.912603,21.675949,2.024737,1.655535,el pop
reception-car-image-109,429,reception-car,109,499,repeated-payload,text-fragment,true,assets/images/shared/text-fragment-root-81-eee29b05.png,celebration-image-021,eee29b05eff7d198102f66aaa17bc66f999593af385e5d2a2051bf90c121a2b7,11,13,34.096524,21.675949,2.277822,1.655535,el pop
reception-car-image-110,430,reception-car,110,500,repeated-payload,text-fragment,true,assets/images/shared/text-fragment-root-93-c8a1ad40.png,celebration-image-032,c8a1ad4051d1a5f4e8b73e0b9c68fcffbe0a0101bf8099889b0ddca611319941,11,13,36.791672,21.675949,2.165798,1.655535,el pop
reception-car-image-111,431,reception-car,111,501,repeated-payload,text-fragment,true,assets/images/shared/text-fragment-root-81-eee29b05.png,celebration-image-021,eee29b05eff7d198102f66aaa17bc66f999593af385e5d2a2051bf90c121a2b7,11,13,39.373104,21.675949,2.277822,1.655535,el pop
reception-car-image-112,432,reception-car,112,503,repeated-payload,text-fragment,true,assets/images/shared/text-fragment-root-288-3d3e2495.png,reception-boat-image-013,3d3e2495883cdbf42fd923dd0ef4b309b9e8a6399f09dc6835af176fef06cbb0,17,13,42.827227,21.675949,3.36072,1.655535,el pop
reception-car-image-113,433,reception-car,113,504,repeated-payload,text-fragment,true,assets/images/shared/text-fragment-root-88-fb95a758.png,celebration-image-028,fb95a75826778c93aa4196773881e2e9ac9b8a7ae9f4b70f75fb9e941ee3fadb,7,13,46.622103,21.675949,1.373331,1.655535,el pop
reception-car-image-114,434,reception-car,114,505,repeated-payload,text-fragment,true,assets/images/shared/text-fragment-root-95-50465e16.png,celebration-image-033,50465e16ba84946561c89740217b3e7da6470e681d0542f22aff53d73010ef9b,10,13,48.57381,21.675949,2.062078,1.655535,el pop
reception-car-image-115,435,reception-car,115,506,repeated-payload,text-fragment,true,assets/images/shared/text-fragment-root-95-50465e16.png,celebration-image-033,50465e16ba84946561c89740217b3e7da6470e681d0542f22aff53d73010ef9b,10,13,51.179538,21.675949,2.062078,1.655535,el pop
reception-car-image-116,436,reception-car,116,507,repeated-payload,text-fragment,true,assets/images/shared/text-fragment-root-85-8c672b45.png,celebration-image-025,8c672b4579cceb4b2b943a5506b7e16caa2176ed36c1b5d7995ace9925deee49,1,13,53.801995,21.675949,0.290432,1.655535,el pop
reception-car-image-117,437,reception-car,117,508,repeated-payload,text-fragment,true,assets/images/shared/text-fragment-root-93-c8a1ad40.png,celebration-image-032,c8a1ad4051d1a5f4e8b73e0b9c68fcffbe0a0101bf8099889b0ddca611319941,11,13,54.797366,21.675949,2.165798,1.655535,el pop
reception-car-image-118,438,reception-car,118,509,repeated-payload,text-fragment,true,assets/images/shared/text-fragment-root-106-b7560b34.png,celebration-image-043,b7560b34d209078dce2717991954d63544015b9d82eef56fc73316267a7dc61c,13,13,57.507252,21.655105,2.551658,1.701677,el pop
reception-car-image-119,439,reception-car,119,511,repeated-payload,text-fragment,true,assets/images/shared/text-fragment-root-322-eef4f8cb.png,reception-boat-image-041,eef4f8cbf4f883031c88be03620cca947462130f3b0faf5f9c0f951e2646e374,10,13,61.306309,21.675949,2.024737,1.655535,el pop
reception-car-image-120,440,reception-car,120,512,repeated-payload,text-fragment,true,assets/images/shared/text-fragment-root-88-fb95a758.png,celebration-image-028,fb95a75826778c93aa4196773881e2e9ac9b8a7ae9f4b70f75fb9e941ee3fadb,7,13,63.764066,21.675949,1.373331,1.655535,el pop
reception-car-image-121,441,reception-car,121,513,repeated-payload,text-fragment,true,assets/images/shared/text-fragment-root-93-c8a1ad40.png,celebration-image-032,c8a1ad4051d1a5f4e8b73e0b9c68fcffbe0a0101bf8099889b0ddca611319941,11,13,65.715575,21.675949,2.165798,1.655535,el pop
reception-car-image-122,442,reception-car,122,514,repeated-payload,text-fragment,true,assets/images/shared/text-fragment-root-96-9da393e0.png,celebration-image-034,9da393e019434ec0c475f1e6bc74e378421ca1a5e3d99e6b54e8443a7a840336,10,13,68.533402,21.675949,1.891961,1.679961,el pop
reception-car-image-123,443,reception-car,123,515,repeated-payload,text-fragment,true,assets/images/shared/text-fragment-root-88-fb95a758.png,celebration-image-028,fb95a75826778c93aa4196773881e2e9ac9b8a7ae9f4b70f75fb9e941ee3fadb,7,13,71.078985,21.675949,1.373331,1.655535,el pop
reception-car-image-124,444,reception-car,124,516,repeated-payload,text-fragment,true,assets/images/shared/reception-heading-r-0a6a56b2.png,reception-boat-image-063,0a6a56b286edbb88d01220c63db1ae8d3b0bf07d298a12d57d5aa4eb2b1aabdd,95,86,32.567222,8.775118,18.968025,11.204742,el from-top
reception-car-image-125,445,reception-car,125,517,repeated-payload,text-fragment,true,assets/images/shared/text-fragment-root-67-000f9e3a.png,celebration-image-008,000f9e3ad23e30764b763770d8b440618a00ac878950bc4d2f6059c976ea2108,16,11,44.082493,14.744178,3.170708,1.373144,el pop
reception-car-image-126,446,reception-car,126,518,repeated-payload,text-fragment,true,assets/images/shared/text-fragment-root-351-74751f07.png,reception-boat-image-065,74751f078f5b2c87824fe0d6390e364cb3f26771a1f5ab15be43fbb7e0615639,18,11,46.871842,14.551376,3.503394,1.445445,el pop
reception-car-image-127,447,reception-car,127,519,repeated-payload,text-fragment,true,assets/images/shared/text-fragment-root-67-000f9e3a.png,celebration-image-008,000f9e3ad23e30764b763770d8b440618a00ac878950bc4d2f6059c976ea2108,16,11,49.742644,14.744178,3.170708,1.373144,el pop
reception-car-image-128,448,reception-car,128,520,repeated-payload,text-fragment,true,assets/images/shared/text-fragment-root-353-d4afc93d.png,reception-boat-image-067,d4afc93d9d141a2aedb8bf20b3f8b728958a588f7ce4f4ada3ae6ad85389935f,30,31,50.22121,14.751995,6.070048,4.08396,el pop
reception-car-image-129,449,reception-car,129,521,repeated-payload,text-fragment,true,assets/images/shared/text-fragment-root-76-b83c7eaa.png,celebration-image-016,b83c7eaa0d45e06b4c7e25a1c55f22e0a1e4ff3a8c353854f8dc71b60f97f68b,18,33,55.805283,11.85605,3.672336,4.333223,el from-top
reception-car-image-130,450,reception-car,130,522,repeated-payload,text-fragment,true,assets/images/shared/text-fragment-root-77-fbc49a9b.png,celebration-image-017,fbc49a9bb59974aacb856bf31738a1bc89f4cb2753ca1ef1729fabace370d0e1,12,16,58.235557,13.984693,2.377219,2.107722,el pop
reception-car-image-131,451,reception-car,131,523,repeated-payload,text-fragment,true,assets/images/shared/text-fragment-root-78-824cb961.png,celebration-image-018,824cb96178b60455a897b79c7fe01f0764a41c47a4ddb29c2e2267404ef574f9,12,10,60.053831,14.788471,2.445469,1.273471,el pop
reception-car-image-132,452,reception-car,132,524,repeated-payload,text-fragment,true,assets/images/shared/text-fragment-root-79-3bc0e4e6.png,celebration-image-019,3bc0e4e6ff6c0a0e325663957a21c1ec241902f5c27a7427d8b2933d0842db01,21,9,62.179599,14.835369,4.145605,1.231549,el pop
dress-code-image-001,453,dress-code,1,526,decorative-artwork,decorative-artwork,false,assets/images/dress-code/upper-left-floral-spray-139c92ab.png,dress-code-image-001,139c92ab79b24d9430cc1f462ada6cbd9200a95d8bd1a8db505df563671d4d13,175,248,64.873353,0.509363,34.835384,32.243609,el from-right
dress-code-image-002,454,dress-code,2,527,decorative-artwork,decorative-artwork,false,assets/images/dress-code/top-right-floral-corner-0cf503bd.png,dress-code-image-002,0cf503bdd807e8f5e6de4c774926c44496cbba72677b7c38effd9dc1034345cc,165,367,66.768301,51.301091,32.843846,47.786745,el from-right
dress-code-image-003,455,dress-code,3,528,decorative-artwork,decorative-artwork,false,assets/images/dress-code/right-floral-border-620ee063.png,dress-code-image-003,620ee0638eb90bb3aa63c84da214cde79432e8f7c3fccb14ef86c0e05d6d9bbf,106,664,0.068459,0.618792,21.031437,86.50057,el from-left
dress-code-image-004,456,dress-code,4,529,meaningful-artwork,meaningful-artwork,false,assets/images/dress-code/womens-dress-examples-85dd7a02.png,dress-code-image-004,85dd7a021d1d6f2890d32fcba22f69fd712b68d82fa47d1021de1ea83098c278,261,326,25.494076,22.561798,51.953649,42.44768,el scale-in
dress-code-image-005,457,dress-code,5,530,meaningful-artwork,meaningful-artwork,false,assets/images/dress-code/mens-suit-examples-d90bd018.png,dress-code-image-005,d90bd01845d1fbd9ad052d89cef3f3b741d97982d722b93e0dbe4bc9564a236b,350,116,19.450694,70.853607,69.669574,15.049666,el scale-in
dress-code-image-006,458,dress-code,6,531,repeated-payload,text-fragment,true,assets/images/shared/text-fragment-root-283-9fe61c86.png,reception-boat-image-008,9fe61c86278324142be67b7afd0dd9264ac04e01b244ff98f28f9f9f5ec09aae,6,13,40.674375,20.242957,1.190774,1.655535,el pop
dress-code-image-007,459,dress-code,7,532,repeated-payload,text-fragment,true,assets/images/shared/text-fragment-root-92-64f9e184.png,celebration-image-031,64f9e1844cf746fb438272d50862473f9098de18f75cf1874381f5330d715c08,13,13,42.245897,20.222114,2.609751,1.701677,el pop
dress-code-image-008,460,dress-code,8,533,repeated-payload,text-fragment,true,assets/images/shared/text-fragment-root-89-bfe323b7.png,celebration-image-029,bfe323b79e527e2cdbe36887e54377aae206e7819d179659acb865cfef2415fa,9,13,45.398103,20.242957,1.842173,1.655535,el pop
dress-code-image-009,461,dress-code,9,535,repeated-payload,text-fragment,true,assets/images/shared/text-fragment-root-280-5f35153b.png,reception-boat-image-006,5f35153be67a4dde21c855ea7c599b57777f6f365b495e0705ac84fc9d139604,6,13,48.614636,20.242957,1.265457,1.655535,el pop
dress-code-image-010,462,dress-code,10,536,repeated-payload,text-fragment,true,assets/images/shared/text-fragment-root-81-eee29b05.png,celebration-image-021,eee29b05eff7d198102f66aaa17bc66f999593af385e5d2a2051bf90c121a2b7,11,13,50.075629,20.242957,2.277822,1.655535,el pop
dress-code-image-011,463,dress-code,11,537,repeated-payload,text-fragment,true,assets/images/shared/text-fragment-root-95-50465e16.png,celebration-image-033,50465e16ba84946561c89740217b3e7da6470e681d0542f22aff53d73010ef9b,10,13,52.770976,20.242957,2.062078,1.655535,el pop
dress-code-image-012,464,dress-code,12,538,repeated-payload,text-fragment,true,assets/images/shared/text-fragment-root-85-8c672b45.png,celebration-image-025,8c672b4579cceb4b2b943a5506b7e16caa2176ed36c1b5d7995ace9925deee49,1,13,55.393234,20.242957,0.290432,1.655535,el pop
dress-code-image-013,465,dress-code,13,539,repeated-payload,text-fragment,true,assets/images/shared/text-fragment-root-88-fb95a758.png,celebration-image-028,fb95a75826778c93aa4196773881e2e9ac9b8a7ae9f4b70f75fb9e941ee3fadb,7,13,56.388605,20.242957,1.373331,1.655535,el pop
dress-code-image-014,466,dress-code,14,540,repeated-payload,text-fragment,true,assets/images/shared/text-fragment-root-84-3ceda06e.png,celebration-image-024,3ceda06e4373de83d7a937144f702a3612f18c5c0546607e8f441329bc70703d,8,13,58.1784,20.222114,1.667913,1.701677,el pop
dress-code-image-015,467,dress-code,15,541,repeated-payload,text-fragment,true,assets/images/shared/text-fragment-root-283-9fe61c86.png,reception-boat-image-008,9fe61c86278324142be67b7afd0dd9264ac04e01b244ff98f28f9f9f5ec09aae,6,13,42.503204,66.892037,1.190774,1.655535,el pop
dress-code-image-016,468,dress-code,16,542,repeated-payload,text-fragment,true,assets/images/shared/text-fragment-root-92-64f9e184.png,celebration-image-031,64f9e1844cf746fb438272d50862473f9098de18f75cf1874381f5330d715c08,13,13,44.074726,66.869891,2.609751,1.701677,el pop
dress-code-image-017,469,dress-code,17,543,repeated-payload,text-fragment,true,assets/images/shared/text-fragment-root-89-bfe323b7.png,celebration-image-029,bfe323b79e527e2cdbe36887e54377aae206e7819d179659acb865cfef2415fa,9,13,47.226933,66.892037,1.842173,1.655535,el pop
dress-code-image-018,470,dress-code,18,545,repeated-payload,text-fragment,true,assets/images/shared/text-fragment-root-218-64db70de.png,ceremony-image-004,64db70de2e75ad6232c85f760364c4609acda1b89a066cb835b90e8bcf241e65,14,13,50.335524,66.892037,2.81719,1.655535,el pop
dress-code-image-019,471,dress-code,19,546,repeated-payload,text-fragment,true,assets/images/shared/text-fragment-root-88-fb95a758.png,celebration-image-028,fb95a75826778c93aa4196773881e2e9ac9b8a7ae9f4b70f75fb9e941ee3fadb,7,13,53.732291,66.892037,1.373331,1.655535,el pop
dress-code-image-020,472,dress-code,20,547,repeated-payload,text-fragment,true,assets/images/shared/text-fragment-root-93-c8a1ad40.png,celebration-image-032,c8a1ad4051d1a5f4e8b73e0b9c68fcffbe0a0101bf8099889b0ddca611319941,11,13,55.683999,66.892037,2.165798,1.655535,el pop
dress-code-image-021,473,dress-code,21,548,text-fragment,text-fragment,false,assets/images/dress-code/dress-heading-d-b9d23f53.png,dress-code-image-021,b9d23f53c549e8939327e3485b9f4bef965f0a097b08d171641edfb7c9c44586,148,83,23.014412,8.293112,29.425172,10.772643,el from-top
dress-code-image-022,474,dress-code,22,549,text-fragment,text-fragment,false,assets/images/dress-code/text-fragment-root-549-ce9648d5.png,dress-code-image-022,ce9648d5adfa5895c788b12d74ac2400d0f78adf35a411dd9f1aaca94064e7c3,13,11,41.096381,14.561798,2.651255,1.400059,el pop
dress-code-image-023,475,dress-code,23,550,text-fragment,text-fragment,false,assets/images/dress-code/text-fragment-root-550-c1a8fe6d.png,dress-code-image-023,c1a8fe6db3ae34896408de80639d6fafbe6542683548ef45e9b3461f99052a1e,15,10,43.588791,14.709005,2.988502,1.294361,el pop
dress-code-image-024,476,dress-code,24,551,text-fragment,text-fragment,false,assets/images/dress-code/text-fragment-root-551-9a3936cf.png,dress-code-image-024,9a3936cfe52196429d066ce3b2e94f55491c53bc11f330ba898bef8f5b84676f,17,17,45.127653,14.418499,3.286794,2.172858,el pop
dress-code-image-025,477,dress-code,25,552,repeated-payload,text-fragment,true,assets/images/dress-code/text-fragment-root-551-9a3936cf.png,dress-code-image-024,9a3936cfe52196429d066ce3b2e94f55491c53bc11f330ba898bef8f5b84676f,17,17,47.020809,14.418499,3.286794,2.172858,el pop
dress-code-image-026,478,dress-code,26,554,text-fragment,text-fragment,false,assets/images/dress-code/code-heading-c-31b31b9c.png,dress-code-image-026,31b31b9cfa0d106ba5988c2bdfc7b07ee640769cab668833fc6ae40e58f74457,87,59,53.493705,9.357434,17.412315,7.737958,el from-top
dress-code-image-027,479,dress-code,27,555,text-fragment,text-fragment,false,assets/images/dress-code/text-fragment-root-555-1e751d4d.png,dress-code-image-027,1e751d4d44a23bc0658ab62aeb0d8827679f3b1209fc7563ab05df83fc3510ac,12,9,65.263495,14.751995,2.304847,1.200225,el pop
dress-code-image-028,480,dress-code,28,556,text-fragment,text-fragment,false,assets/images/dress-code/text-fragment-root-556-5fb13dcd.png,dress-code-image-028,5fb13dcd3599ee687b735c67316d7bcb33f412b40b0e6d1d8bdf4c1a65dfc874,24,29,67.523493,12.193454,4.784889,3.819456,el from-top
dress-code-image-029,481,dress-code,29,557,repeated-payload,text-fragment,true,assets/images/dress-code/text-fragment-root-550-c1a8fe6d.png,dress-code-image-023,c1a8fe6db3ae34896408de80639d6fafbe6542683548ef45e9b3461f99052a1e,15,10,71.110651,14.709005,2.988502,1.294361,el pop
rsvp-image-001,482,rsvp,1,559,decorative-artwork,decorative-artwork,false,assets/images/rsvp/left-floral-corner-541d4c8e.png,rsvp-image-001,541d4c8eddd26b09e99480ba1e4a60692b833018b213f1d022f397d089fa1131,163,398,0.084018,48.138088,32.362492,51.822439,el from-left
rsvp-image-002,483,rsvp,2,560,decorative-artwork,decorative-artwork,false,assets/images/rsvp/right-floral-corner-2240e715.png,rsvp-image-002,2240e715f47e74a6f163a6b6d43143aa06e480fa9d411f0a9e508f0b7d94d84b,190,245,59.671456,68.090539,37.820501,31.900993,el from-right
rsvp-image-003,484,rsvp,3,561,decorative-artwork,decorative-artwork,false,assets/images/rsvp/right-floral-spray-2a3e4dd0.png,rsvp-image-003,2a3e4dd05c3f90e9ce9e8fec69f456929757fe27939cd80402e49c519e485eaa,175,248,64.873353,0.508061,34.835384,32.291549,el from-right
rsvp-image-004,485,rsvp,4,562,decorative-artwork,decorative-artwork,false,assets/images/rsvp/upper-left-floral-spray-e00e2adc.png,rsvp-image-004,e00e2adc6b85c7875a615840a241f1dc07860999b47945dc2e67ee438b73b40d,225,320,0,0,44.768977,41.666699,el from-left
rsvp-image-005,486,rsvp,5,563,decorative-artwork,decorative-artwork,false,assets/images/rsvp/rsvp-card-background-eefcd42d.png,rsvp-image-005,eefcd42d1433eb1b134f36f8157da14665fb547ff7ee681c13c46fb21718c807,246,387,23.165171,36.882592,49.055165,50.381371,el scale-in
rsvp-image-006,487,rsvp,6,564,decorative-artwork,decorative-artwork,false,assets/images/rsvp/rsvp-lace-frame-8f2dca09.png,rsvp-image-006,8f2dca0971ad1bc64684791f2984eca12396473d4d780d63fd9029ac07df1947,340,480,13.87853,30.82625,67.671862,62.52923,el scale-in
rsvp-image-007,488,rsvp,7,565,text-fragment,text-fragment,false,assets/images/rsvp/text-fragment-root-565-f7bfb3b8.png,rsvp-image-007,f7bfb3b87a7e9a52849c4904bc53fa7f4b569d6c3ef5760a6faa852eb522b5f2,91,39,38.691799,75.955056,18.043135,5.073819,el fade-up
rsvp-image-008,489,rsvp,8,566,text-fragment,text-fragment,false,assets/images/rsvp/text-fragment-root-566-41546433.png,rsvp-image-008,4154643356d0422b3c2d4ac7d1db0a3fe7adbe67e5e90c923d4e552c0367c7eb,16,16,41.389735,77.420616,3.124225,2.141345,el pop
rsvp-image-009,490,rsvp,9,567,text-fragment,text-fragment,false,assets/images/rsvp/text-fragment-root-567-dba2976f.png,rsvp-image-009,dba2976f8a6f9bcbc77c7f75b3368c974c645773230b0b516f9ea25e903bf2a5,15,17,44.559666,77.388048,3.074437,2.206481,el pop
rsvp-image-010,491,rsvp,10,568,text-fragment,text-fragment,false,assets/images/rsvp/text-fragment-root-568-acadf9dc.png,rsvp-image-010,acadf9dcf2ba913eedbbdc74cfd779971d36b98b12ee26f917469f5486c68c66,17,16,47.705698,77.420616,3.439545,2.141345,el pop
rsvp-image-011,492,rsvp,11,569,text-fragment,text-fragment,false,assets/images/rsvp/text-fragment-root-569-470d9770.png,rsvp-image-011,470d9770c8b03f7559e9286f45d2ecf537f72f6d7e1b8cba83e2156e66ae7dcb,15,16,51.442819,77.420616,2.931285,2.141345,el pop
rsvp-image-012,493,rsvp,12,570,text-fragment,text-fragment,false,assets/images/rsvp/text-fragment-root-570-d3370a2a.png,rsvp-image-012,d3370a2a5e58fa0dface38316e30c7fc5c340509bd09cc944429675c7270c446,3,3,39.535215,76.506106,0.674219,0.441025,el pop
rsvp-image-013,494,rsvp,13,571,text-fragment,text-fragment,false,assets/images/rsvp/text-fragment-root-571-31c075f4.png,rsvp-image-013,31c075f4d7639449df64d1f5cc03fad121e11ff66c456ae5ae2cbdee93463145,3,3,55.217381,80.036476,0.674219,0.441025,el pop
rsvp-image-014,495,rsvp,14,572,text-fragment,text-fragment,false,assets/images/rsvp/text-fragment-root-572-d2681d06.png,rsvp-image-014,d2681d062178b31f428f081d6a836d32cfa40b7b33fd99bcb65d97beb8038489,3,3,55.217381,76.506106,0.674219,0.441025,el pop
rsvp-image-015,496,rsvp,15,573,text-fragment,text-fragment,false,assets/images/rsvp/text-fragment-root-573-48fd80ef.png,rsvp-image-015,48fd80ef89fc3caef8c89aa1eccb0fc39595ef8bd299bb29ac606fe23185ebf9,3,3,39.535215,80.036476,0.674219,0.441025,el pop
rsvp-image-016,497,rsvp,16,574,text-fragment,text-fragment,false,assets/images/rsvp/text-fragment-root-574-1ed285f1.png,rsvp-image-016,1ed285f1b181a71717e5efaf89aca718bd1de48c47be59bf51b7ebce72ff7a26,3,5,55.87439,79.598762,0.56664,0.680753,el pop
rsvp-image-017,498,rsvp,17,575,text-fragment,text-fragment,false,assets/images/rsvp/text-fragment-root-575-c19e345c.png,rsvp-image-017,c19e345c99244ba7d7202f4c2cb043655ae131e204d023773a5e1da077c5f2d4,4,5,56.838493,79.748575,0.768445,0.642809,el pop
rsvp-image-018,499,rsvp,18,576,text-fragment,text-fragment,false,assets/images/rsvp/text-fragment-root-576-85e28c7b.png,rsvp-image-018,85e28c7bc2d39c8ce15d3ecd43f43a9896895a52bce124235adb31dc2b11a545,5,4,54.749569,80.065136,0.951274,0.511659,el pop
rsvp-image-019,500,rsvp,19,577,text-fragment,text-fragment,false,assets/images/rsvp/text-fragment-root-577-9804d6a3.png,rsvp-image-019,9804d6a35d3793c5bf4d700a80c6682ad7dcde9ef8e532cf7a27fb2e4bf19f84,5,3,57.409069,80.405146,1.031453,0.404716,el pop
rsvp-image-020,501,rsvp,20,578,text-fragment,text-fragment,false,assets/images/rsvp/text-fragment-root-578-257cfb25.png,rsvp-image-020,257cfb25a45a37aff6a875b99787a9cf818868203bf4416b5b557f2b94345049,15,20,56.103815,80.599251,3.079535,2.63759,el pop
rsvp-image-021,502,rsvp,21,579,text-fragment,text-fragment,false,assets/images/rsvp/text-fragment-root-579-7e0930f8.png,rsvp-image-021,7e0930f8096200b937a125b3c697e4cfcd7ae670c6a5bda5c2d20da9b6df0cb2,5,2,54.428334,80.82853,1.047308,0.318683,el pop
rsvp-image-022,503,rsvp,22,580,text-fragment,text-fragment,false,assets/images/rsvp/text-fragment-root-580-2172bcd4.png,rsvp-image-022,2172bcd41faefd09c967a2a77729255b418d68e841947c7d12f0ee0cd89003d7,4,4,55.003291,81.33659,0.850174,0.575896,el pop
rsvp-image-023,504,rsvp,23,581,text-fragment,text-fragment,false,assets/images/rsvp/rsvp-heading-r-515a0420.png,rsvp-image-023,515a0420e16df7080cdd119cec7a5e7caf17bb37ac972d879f3793572dbf55e7,46,78,30.564332,18.882918,9.192939,10.215366,el pop
rsvp-image-024,505,rsvp,24,585,text-fragment,text-fragment,false,assets/images/rsvp/rsvp-heading-s-246d90f5.png,rsvp-image-024,246d90f5229fe90d25cce6f8d1e258aba694001b7ea20b3df77ea936a485c502,49,83,41.709576,17.049992,9.688394,10.789735,el fade-up
rsvp-image-025,506,rsvp,25,587,text-fragment,text-fragment,false,assets/images/rsvp/rsvp-heading-v-448ce29d.png,rsvp-image-025,448ce29da132dfaa20817f1840ddb90298675adf3987c23eb3ce62f7d037feb7,45,62,50.212049,19.84172,8.986237,8.019319,el pop
rsvp-image-026,507,rsvp,26,588,text-fragment,text-fragment,false,assets/images/rsvp/rsvp-heading-p-1ce7c9b6.png,rsvp-image-026,1ce7c9b605871e4f2752c76191beb386b204799487118002a19ed9bb363fcc21,60,74,56.419872,19.049666,11.998319,9.66541,el pop
rsvp-image-027,508,rsvp,27,589,text-fragment,text-fragment,false,assets/images/rsvp/rsvp-handwritten-note-b47f9bde.png,rsvp-image-027,b47f9bde0566460a44cadb1c49e7f660b4168402d282830c91c718018fa2ee25,176,95,29.743619,38.427618,35.015419,12.389435,el fade-up
rsvp-image-028,509,rsvp,28,590,text-fragment,text-fragment,false,assets/images/rsvp/text-fragment-root-590-007c4082.png,rsvp-image-028,007c4082b9b8c4d08bf28078ffaa7b3fe6473aa2940afaacc32a76d6609185df,12,9,27.535004,52.706725,2.373256,1.169734,el pop
rsvp-image-029,510,rsvp,29,591,text-fragment,text-fragment,false,assets/images/rsvp/text-fragment-root-591-ac6daaa5.png,rsvp-image-029,ac6daaa5cf63cc4855a466779f53a953343ed1485888858516e2dac443f4e2c7,5,9,30.212826,52.706725,0.970875,1.169734,el pop
rsvp-image-030,511,rsvp,30,592,text-fragment,text-fragment,false,assets/images/rsvp/text-fragment-root-592-9a492c32.png,rsvp-image-030,9a492c32aa6046bc8e6fbd3fbeaca4246ffad580a9ff896de975aefec81eb26e,2,3,31.440609,52.706725,0.369265,0.385387,el pop
rsvp-image-031,512,rsvp,31,593,text-fragment,text-fragment,false,assets/images/rsvp/text-fragment-root-593-11d7df00.png,rsvp-image-031,11d7df00d6b3ea3720b09c8d38a2937535def5ceb39cfaaf984eea965814ca73,7,9,32.138444,52.706725,1.302798,1.169734,el pop
rsvp-image-032,513,rsvp,32,594,repeated-payload,text-fragment,true,assets/images/rsvp/text-fragment-root-591-ac6daaa5.png,rsvp-image-029,ac6daaa5cf63cc4855a466779f53a953343ed1485888858516e2dac443f4e2c7,5,9,33.694233,52.706725,0.970875,1.169734,el pop
rsvp-image-033,514,rsvp,33,596,text-fragment,text-fragment,false,assets/images/rsvp/text-fragment-root-596-2f9a3df9.png,rsvp-image-033,2f9a3df92a3225e6e77ae66268f64cca0bacd532663adfd981f5820915a4ed94,6,9,35.673424,52.691093,1.178327,1.202302,el pop
rsvp-image-034,515,rsvp,34,597,text-fragment,text-fragment,false,assets/images/rsvp/text-fragment-root-597-0f5f9dbe.png,rsvp-image-034,0f5f9dbee4312c44b4c72856fffa6c6b2a577bc8c0d997042ef79913c257c7f1,9,9,37.11928,52.691093,1.842173,1.202302,el pop
rsvp-image-035,516,rsvp,35,599,repeated-payload,text-fragment,true,assets/images/rsvp/text-fragment-root-591-ac6daaa5.png,rsvp-image-029,ac6daaa5cf63cc4855a466779f53a953343ed1485888858516e2dac443f4e2c7,5,9,40.055006,52.706725,0.970875,1.169734,el pop
rsvp-image-036,517,rsvp,36,600,text-fragment,text-fragment,false,assets/images/rsvp/text-fragment-root-600-8f53c260.png,rsvp-image-036,8f53c2606b2fc5d36fd6289a726156d2cdf6035134525ba795ce86f6effeee32,7,9,41.253713,52.706725,1.352587,1.169734,el pop
rsvp-image-037,518,rsvp,37,601,text-fragment,text-fragment,false,assets/images/rsvp/text-fragment-root-601-4818bd38.png,rsvp-image-037,4818bd387b4abc9b0e7ebc25c5dc7bb2931884ca1c382208cc5f3e78bd8e3d64,9,9,42.811892,52.691093,1.738447,1.202302,el pop
rsvp-image-038,519,rsvp,38,602,text-fragment,text-fragment,false,assets/images/rsvp/text-fragment-root-602-87332994.png,rsvp-image-038,8733299448dfac967667e579157a6a5c12d5307cea466afc191a87a839378dbd,1,9,44.907189,52.706725,0.203302,1.169734,el pop
rsvp-image-039,520,rsvp,39,603,text-fragment,text-fragment,false,assets/images/rsvp/text-fragment-root-603-ca170aa1.png,rsvp-image-039,ca170aa1ba0f89657d60be2f073c42774795b2476a70ac532396943d528717b2,6,9,45.426184,52.706725,1.124388,1.169734,el pop
rsvp-image-040,521,rsvp,40,604,repeated-payload,text-fragment,true,assets/images/rsvp/text-fragment-root-591-ac6daaa5.png,rsvp-image-029,ac6daaa5cf63cc4855a466779f53a953343ed1485888858516e2dac443f4e2c7,5,9,46.854316,52.706725,0.970875,1.169734,el pop
rsvp-image-041,522,rsvp,41,605,text-fragment,text-fragment,false,assets/images/rsvp/text-fragment-root-605-05063cf4.png,rsvp-image-041,05063cf441d881c47e6da0a9c9acab1e3d58eeccfe35808d30b9082521d5a24c,7,9,48.231664,52.706725,1.460461,1.169734,el pop
rsvp-image-042,523,rsvp,42,607,repeated-payload,text-fragment,true,assets/images/rsvp/text-fragment-root-603-ca170aa1.png,rsvp-image-039,ca170aa1ba0f89657d60be2f073c42774795b2476a70ac532396943d528717b2,6,9,50.606174,52.706725,1.124388,1.169734,el pop
rsvp-image-043,524,rsvp,43,608,repeated-payload,text-fragment,true,assets/images/rsvp/text-fragment-root-597-0f5f9dbe.png,rsvp-image-034,0f5f9dbee4312c44b4c72856fffa6c6b2a577bc8c0d997042ef79913c257c7f1,9,9,51.934729,52.691093,1.842173,1.202302,el pop
rsvp-image-044,525,rsvp,44,610,repeated-payload,text-fragment,true,assets/images/rsvp/text-fragment-root-601-4818bd38.png,rsvp-image-037,4818bd387b4abc9b0e7ebc25c5dc7bb2931884ca1c382208cc5f3e78bd8e3d64,9,9,54.770879,52.691093,1.738447,1.202302,el pop
rsvp-image-045,526,rsvp,45,611,repeated-payload,text-fragment,true,assets/images/rsvp/text-fragment-root-591-ac6daaa5.png,rsvp-image-029,ac6daaa5cf63cc4855a466779f53a953343ed1485888858516e2dac443f4e2c7,5,9,56.849646,52.706725,0.970875,1.169734,el pop
rsvp-image-046,527,rsvp,46,612,text-fragment,text-fragment,false,assets/images/rsvp/text-fragment-root-612-016dd32b.png,rsvp-image-046,016dd32b5aa9e711d68d9a513392e65f108fb0a5cd1a48ed7cbcf4f953805765,5,9,58.226794,52.706725,0.896192,1.169734,el pop
rsvp-image-047,528,rsvp,47,613,repeated-payload,text-fragment,true,assets/images/rsvp/text-fragment-root-591-ac6daaa5.png,rsvp-image-029,ac6daaa5cf63cc4855a466779f53a953343ed1485888858516e2dac443f4e2c7,5,9,59.450993,52.706725,0.970875,1.169734,el pop
rsvp-image-048,529,rsvp,48,614,text-fragment,text-fragment,false,assets/images/rsvp/text-fragment-root-614-989e958e.png,rsvp-image-048,989e958e44490c2313a6dead62360a2f5c58cd4bcf3b933e42c36d0ff6671b8c,6,9,60.828141,52.706725,1.103645,1.169734,el pop
rsvp-image-049,530,rsvp,49,615,repeated-payload,text-fragment,true,assets/images/rsvp/text-fragment-root-593-11d7df00.png,rsvp-image-031,11d7df00d6b3ea3720b09c8d38a2937535def5ceb39cfaaf984eea965814ca73,7,9,62.299888,52.706725,1.302798,1.169734,el pop
rsvp-image-050,531,rsvp,50,616,text-fragment,text-fragment,false,assets/images/rsvp/text-fragment-root-616-fd93b29d.png,rsvp-image-050,fd93b29d42ed90dd8c5d84e7d649a19ff61ea106c82a4118c418fa2bbfc1b30e,8,9,63.664689,52.706725,1.609826,1.169734,el pop
rsvp-image-051,532,rsvp,51,617,repeated-payload,text-fragment,true,assets/images/rsvp/text-fragment-root-603-ca170aa1.png,rsvp-image-039,ca170aa1ba0f89657d60be2f073c42774795b2476a70ac532396943d528717b2,6,9,65.385975,52.706725,1.124388,1.169734,el pop
rsvp-image-052,533,rsvp,52,618,repeated-payload,text-fragment,true,assets/images/rsvp/text-fragment-root-591-ac6daaa5.png,rsvp-image-029,ac6daaa5cf63cc4855a466779f53a953343ed1485888858516e2dac443f4e2c7,5,9,66.814107,52.706725,0.970875,1.169734,el pop
rsvp-image-053,534,rsvp,53,619,repeated-payload,text-fragment,true,assets/images/rsvp/text-fragment-root-603-ca170aa1.png,rsvp-image-039,ca170aa1ba0f89657d60be2f073c42774795b2476a70ac532396943d528717b2,6,9,26.604956,55.571405,1.124388,1.169734,el pop
rsvp-image-054,535,rsvp,54,620,text-fragment,text-fragment,false,assets/images/rsvp/text-fragment-root-620-1f1abf3c.png,rsvp-image-054,1f1abf3c9571f894ee5ce894bdd77916c103a1aa7a8a0385db017d3d21f0f3e9,7,9,28.033087,55.571405,1.352587,1.169734,el pop
rsvp-image-055,536,rsvp,55,621,repeated-payload,text-fragment,true,assets/images/rsvp/text-fragment-root-602-87332994.png,rsvp-image-038,8733299448dfac967667e579157a6a5c12d5307cea466afc191a87a839378dbd,1,9,29.886014,55.571405,0.203302,1.169734,el pop
rsvp-image-056,537,rsvp,56,622,repeated-payload,text-fragment,true,assets/images/rsvp/text-fragment-root-596-2f9a3df9.png,rsvp-image-033,2f9a3df92a3225e6e77ae66268f64cca0bacd532663adfd981f5820915a4ed94,6,9,30.471526,55.555773,1.178327,1.202302,el pop
rsvp-image-057,538,rsvp,57,624,repeated-payload,text-fragment,true,assets/images/rsvp/text-fragment-root-596-2f9a3df9.png,rsvp-image-033,2f9a3df92a3225e6e77ae66268f64cca0bacd532663adfd981f5820915a4ed94,6,9,32.619002,55.555773,1.178327,1.202302,el pop
rsvp-image-058,539,rsvp,58,625,text-fragment,text-fragment,false,assets/images/rsvp/text-fragment-root-625-24d2b4c6.png,rsvp-image-058,24d2b4c6afbfe7424d5c2bf65677457c894e6d8d971f7d93c83173e4a94c93a2,6,9,34.164435,55.571405,1.103645,1.169734,el pop
rsvp-image-059,540,rsvp,59,626,repeated-payload,text-fragment,true,assets/images/rsvp/text-fragment-root-591-ac6daaa5.png,rsvp-image-029,ac6daaa5cf63cc4855a466779f53a953343ed1485888858516e2dac443f4e2c7,5,9,35.597745,55.571405,0.970875,1.169734,el pop
rsvp-image-060,541,rsvp,60,627,repeated-payload,text-fragment,true,assets/images/rsvp/text-fragment-root-601-4818bd38.png,rsvp-image-037,4818bd387b4abc9b0e7ebc25c5dc7bb2931884ca1c382208cc5f3e78bd8e3d64,9,9,36.875317,55.555773,1.738447,1.202302,el pop
rsvp-image-061,542,rsvp,61,628,repeated-payload,text-fragment,true,assets/images/rsvp/text-fragment-root-602-87332994.png,rsvp-image-038,8733299448dfac967667e579157a6a5c12d5307cea466afc191a87a839378dbd,1,9,38.970614,55.571405,0.203302,1.169734,el pop
rsvp-image-062,543,rsvp,62,629,repeated-payload,text-fragment,true,assets/images/rsvp/text-fragment-root-616-fd93b29d.png,rsvp-image-050,fd93b29d42ed90dd8c5d84e7d649a19ff61ea106c82a4118c418fa2bbfc1b30e,8,9,39.477261,55.571405,1.609826,1.169734,el pop
rsvp-image-063,544,rsvp,63,630,repeated-payload,text-fragment,true,assets/images/rsvp/text-fragment-root-612-016dd32b.png,rsvp-image-046,016dd32b5aa9e711d68d9a513392e65f108fb0a5cd1a48ed7cbcf4f953805765,5,9,41.376989,55.571405,0.896192,1.169734,el pop
rsvp-image-064,545,rsvp,64,632,text-fragment,text-fragment,false,assets/images/rsvp/text-fragment-root-632-2a4b61e2.png,rsvp-image-064,2a4b61e23b9142b7f48fb0755baf7b42ad84469d5b3768f4e57ec1c119dd52c1,10,9,43.24067,55.571405,1.991538,1.169734,el pop
rsvp-image-065,546,rsvp,65,633,repeated-payload,text-fragment,true,assets/images/rsvp/text-fragment-root-597-0f5f9dbe.png,rsvp-image-034,0f5f9dbee4312c44b4c72856fffa6c6b2a577bc8c0d997042ef79913c257c7f1,9,9,45.536715,55.555773,1.842173,1.202302,el pop
rsvp-image-066,547,rsvp,66,634,repeated-payload,text-fragment,true,assets/images/rsvp/text-fragment-root-632-2a4b61e2.png,rsvp-image-064,2a4b61e23b9142b7f48fb0755baf7b42ad84469d5b3768f4e57ec1c119dd52c1,10,9,47.683592,55.571405,1.991538,1.169734,el pop
rsvp-image-067,548,rsvp,67,635,repeated-payload,text-fragment,true,assets/images/rsvp/text-fragment-root-591-ac6daaa5.png,rsvp-image-029,ac6daaa5cf63cc4855a466779f53a953343ed1485888858516e2dac443f4e2c7,5,9,50.079014,55.571405,0.970875,1.169734,el pop
rsvp-image-068,549,rsvp,68,636,text-fragment,text-fragment,false,assets/images/rsvp/text-fragment-root-636-40ad50a4.png,rsvp-image-068,40ad50a40aa9f742fe25cacfc6754d323d5bae9851d853819d813b7d222a5bb2,8,9,51.456362,55.571405,1.530995,1.169734,el pop
rsvp-image-069,550,rsvp,69,637,repeated-payload,text-fragment,true,assets/images/rsvp/text-fragment-root-603-ca170aa1.png,rsvp-image-039,ca170aa1ba0f89657d60be2f073c42774795b2476a70ac532396943d528717b2,6,9,53.292759,55.571405,1.124388,1.169734,el pop
rsvp-image-070,551,rsvp,70,639,repeated-payload,text-fragment,true,assets/images/rsvp/text-fragment-root-590-007c4082.png,rsvp-image-028,007c4082b9b8c4d08bf28078ffaa7b3fe6473aa2940afaacc32a76d6609185df,12,9,55.256615,55.571405,2.373256,1.169734,el pop
rsvp-image-071,552,rsvp,71,640,repeated-payload,text-fragment,true,assets/images/rsvp/text-fragment-root-602-87332994.png,rsvp-image-038,8733299448dfac967667e579157a6a5c12d5307cea466afc191a87a839378dbd,1,9,57.950966,55.571405,0.203302,1.169734,el pop
rsvp-image-072,553,rsvp,72,641,repeated-payload,text-fragment,true,assets/images/rsvp/text-fragment-root-603-ca170aa1.png,rsvp-image-039,ca170aa1ba0f89657d60be2f073c42774795b2476a70ac532396943d528717b2,6,9,58.47016,55.571405,1.124388,1.169734,el pop
rsvp-image-073,554,rsvp,73,642,repeated-payload,text-fragment,true,assets/images/rsvp/text-fragment-root-620-1f1abf3c.png,rsvp-image-054,1f1abf3c9571f894ee5ce894bdd77916c103a1aa7a8a0385db017d3d21f0f3e9,7,9,59.898292,55.571405,1.352587,1.169734,el pop
rsvp-image-074,555,rsvp,74,644,text-fragment,text-fragment,false,assets/images/rsvp/text-fragment-root-644-77ae8fa0.png,rsvp-image-074,77ae8fa06c436ffe3ddbe857e381185dd3c3d2b73f46f601eb5575348f7ce4b3,7,9,62.24532,55.571405,1.352587,1.169734,el pop
rsvp-image-075,556,rsvp,75,645,repeated-payload,text-fragment,true,assets/images/rsvp/text-fragment-root-597-0f5f9dbe.png,rsvp-image-034,0f5f9dbee4312c44b4c72856fffa6c6b2a577bc8c0d997042ef79913c257c7f1,9,9,63.77741,55.555773,1.842173,1.202302,el pop
rsvp-image-076,557,rsvp,76,646,text-fragment,text-fragment,false,assets/images/rsvp/text-fragment-root-646-621eec1d.png,rsvp-image-076,621eec1d12c89a5e5463a33336259d657cf5d4bf2cec04b91241f660e227f3a5,7,9,65.974076,55.571405,1.34014,1.186018,el pop
rsvp-image-077,558,rsvp,77,647,text-fragment,text-fragment,false,assets/images/rsvp/text-fragment-root-647-1744bf6c.png,rsvp-image-077,1744bf6ca34262eef7d06eda451e19b5e1e25b8431c92be78c34e8db3ca5f126,1,9,67.789761,55.571405,0.224048,1.169734,el pop
rsvp-image-078,559,rsvp,78,649,text-fragment,text-fragment,false,assets/images/rsvp/text-fragment-root-649-2f76a62e.png,rsvp-image-078,2f76a62e18c4c8820f0c47c365227c344495a3eb752331152134ff3faef28156,6,9,29.439512,61.300765,1.265457,1.169734,el pop
rsvp-image-079,560,rsvp,79,650,repeated-payload,text-fragment,true,assets/images/rsvp/text-fragment-root-602-87332994.png,rsvp-image-038,8733299448dfac967667e579157a6a5c12d5307cea466afc191a87a839378dbd,1,9,30.973593,61.300765,0.203302,1.169734,el pop
rsvp-image-080,561,rsvp,80,651,repeated-payload,text-fragment,true,assets/images/rsvp/text-fragment-root-636-40ad50a4.png,rsvp-image-068,40ad50a40aa9f742fe25cacfc6754d323d5bae9851d853819d813b7d222a5bb2,8,9,31.671229,61.300765,1.530995,1.169734,el pop
rsvp-image-081,562,rsvp,81,652,repeated-payload,text-fragment,true,assets/images/rsvp/text-fragment-root-605-05063cf4.png,rsvp-image-041,05063cf441d881c47e6da0a9c9acab1e3d58eeccfe35808d30b9082521d5a24c,7,9,33.686068,61.300765,1.460461,1.169734,el pop
rsvp-image-082,563,rsvp,82,653,repeated-payload,text-fragment,true,assets/images/rsvp/text-fragment-root-612-016dd32b.png,rsvp-image-046,016dd32b5aa9e711d68d9a513392e65f108fb0a5cd1a48ed7cbcf4f953805765,5,9,35.524855,61.300765,0.896192,1.169734,el pop
rsvp-image-083,564,rsvp,83,654,repeated-payload,text-fragment,true,assets/images/rsvp/text-fragment-root-644-77ae8fa0.png,rsvp-image-074,77ae8fa06c436ffe3ddbe857e381185dd3c3d2b73f46f601eb5575348f7ce4b3,7,9,36.545717,61.300765,1.352587,1.169734,el pop
rsvp-image-084,565,rsvp,84,656,repeated-payload,text-fragment,true,assets/images/rsvp/text-fragment-root-596-2f9a3df9.png,rsvp-image-033,2f9a3df92a3225e6e77ae66268f64cca0bacd532663adfd981f5820915a4ed94,6,9,38.779426,61.285133,1.178327,1.202302,el pop
rsvp-image-085,566,rsvp,85,657,repeated-payload,text-fragment,true,assets/images/rsvp/text-fragment-root-646-621eec1d.png,rsvp-image-076,621eec1d12c89a5e5463a33336259d657cf5d4bf2cec04b91241f660e227f3a5,7,9,40.299965,61.300765,1.34014,1.186018,el pop
rsvp-image-086,567,rsvp,86,658,repeated-payload,text-fragment,true,assets/images/rsvp/text-fragment-root-614-989e958e.png,rsvp-image-048,989e958e44490c2313a6dead62360a2f5c58cd4bcf3b933e42c36d0ff6671b8c,6,9,42.094739,61.300765,1.103645,1.169734,el pop
rsvp-image-087,568,rsvp,87,659,repeated-payload,text-fragment,true,assets/images/rsvp/text-fragment-root-632-2a4b61e2.png,rsvp-image-064,2a4b61e23b9142b7f48fb0755baf7b42ad84469d5b3768f4e57ec1c119dd52c1,10,9,43.491803,61.300765,1.991538,1.169734,el pop
rsvp-image-088,569,rsvp,88,660,repeated-payload,text-fragment,true,assets/images/rsvp/text-fragment-root-602-87332994.png,rsvp-image-038,8733299448dfac967667e579157a6a5c12d5307cea466afc191a87a839378dbd,1,9,45.903954,61.300765,0.203302,1.169734,el pop
rsvp-image-089,570,rsvp,89,661,repeated-payload,text-fragment,true,assets/images/rsvp/text-fragment-root-603-ca170aa1.png,rsvp-image-039,ca170aa1ba0f89657d60be2f073c42774795b2476a70ac532396943d528717b2,6,9,46.422949,61.300765,1.124388,1.169734,el pop
rsvp-image-090,571,rsvp,90,663,repeated-payload,text-fragment,true,assets/images/rsvp/text-fragment-root-644-77ae8fa0.png,rsvp-image-074,77ae8fa06c436ffe3ddbe857e381185dd3c3d2b73f46f601eb5575348f7ce4b3,7,9,48.36191,61.300765,1.352587,1.169734,el pop
rsvp-image-091,572,rsvp,91,664,repeated-payload,text-fragment,true,assets/images/rsvp/text-fragment-root-597-0f5f9dbe.png,rsvp-image-034,0f5f9dbee4312c44b4c72856fffa6c6b2a577bc8c0d997042ef79913c257c7f1,9,9,49.894,61.285133,1.842173,1.202302,el pop
rsvp-image-092,573,rsvp,92,665,repeated-payload,text-fragment,true,assets/images/rsvp/text-fragment-root-646-621eec1d.png,rsvp-image-076,621eec1d12c89a5e5463a33336259d657cf5d4bf2cec04b91241f660e227f3a5,7,9,52.090667,61.300765,1.34014,1.186018,el pop
rsvp-image-093,574,rsvp,93,666,repeated-payload,text-fragment,true,assets/images/rsvp/text-fragment-root-593-11d7df00.png,rsvp-image-031,11d7df00d6b3ea3720b09c8d38a2937535def5ceb39cfaaf984eea965814ca73,7,9,53.885441,61.300765,1.302798,1.169734,el pop
rsvp-image-094,575,rsvp,94,668,repeated-payload,text-fragment,true,assets/images/rsvp/text-fragment-root-593-11d7df00.png,rsvp-image-031,11d7df00d6b3ea3720b09c8d38a2937535def5ceb39cfaaf984eea965814ca73,7,9,56.155396,61.300765,1.302798,1.169734,el pop
rsvp-image-095,576,rsvp,95,669,repeated-payload,text-fragment,true,assets/images/rsvp/text-fragment-root-596-2f9a3df9.png,rsvp-image-033,2f9a3df92a3225e6e77ae66268f64cca0bacd532663adfd981f5820915a4ed94,6,9,57.599062,61.285133,1.178327,1.202302,el pop
rsvp-image-096,577,rsvp,96,670,text-fragment,text-fragment,false,assets/images/rsvp/text-fragment-root-670-49edcc40.png,rsvp-image-096,49edcc402a5986ccfeafa0539786e852aad3bcf569bc5e9a5b4df4d68524eb93,7,9,58.966053,61.300765,1.431418,1.169734,el pop
rsvp-image-097,578,rsvp,97,671,repeated-payload,text-fragment,true,assets/images/rsvp/text-fragment-root-625-24d2b4c6.png,rsvp-image-058,24d2b4c6afbfe7424d5c2bf65677457c894e6d8d971f7d93c83173e4a94c93a2,6,9,60.700284,61.300765,1.103645,1.169734,el pop
rsvp-image-098,579,rsvp,98,674,repeated-payload,text-fragment,true,assets/images/rsvp/text-fragment-root-614-989e958e.png,rsvp-image-048,989e958e44490c2313a6dead62360a2f5c58cd4bcf3b933e42c36d0ff6671b8c,6,9,63.565311,61.300765,1.103645,1.169734,el pop
rsvp-image-099,580,rsvp,99,675,repeated-payload,text-fragment,true,assets/images/rsvp/text-fragment-root-644-77ae8fa0.png,rsvp-image-074,77ae8fa06c436ffe3ddbe857e381185dd3c3d2b73f46f601eb5575348f7ce4b3,7,9,64.833722,61.300765,1.352587,1.169734,el pop
rsvp-image-100,581,rsvp,100,676,text-fragment,text-fragment,false,assets/images/rsvp/text-fragment-root-676-1cd9c439.png,rsvp-image-100,1cd9c4393c450d3745c29f29eb39c1af8a3b69304c5f703a4832ae84077d988a,3,12,40.704845,64.115942,0.510332,1.552412,el pop
rsvp-image-101,582,rsvp,101,677,text-fragment,text-fragment,false,assets/images/rsvp/text-fragment-root-677-7981fdc6.png,rsvp-image-101,7981fdc67e7ec57866f333e5ddd26b3121b0a399f4e7d40ad213224c5fdab06b,3,9,41.291951,64.165445,0.589163,1.169734,el pop
rsvp-image-102,583,rsvp,102,678,text-fragment,text-fragment,false,assets/images/rsvp/text-fragment-root-678-32c381fc.png,rsvp-image-102,32c381fce8f541945759873533fd916bef27e44a5ff9376b393c44b595b0c3de,6,9,42.251274,64.165445,1.199071,1.186018,el pop
rsvp-image-103,584,rsvp,103,679,text-fragment,text-fragment,false,assets/images/rsvp/text-fragment-root-679-d70d99aa.png,rsvp-image-103,d70d99aa1ce4c6e8289a8102dcbbf6492e11101b2fdc4a2c0753c00b3e65e541,1,1,43.766636,65.172447,0.228196,0.16284,el pop
rsvp-image-104,585,rsvp,104,680,text-fragment,text-fragment,false,assets/images/rsvp/text-fragment-root-680-d19941c6.png,rsvp-image-104,d19941c6303404e011ee15821fc30d3b4fd8860d2dfa2c12422acebf5ebd7fa7,7,9,44.338804,64.14851,1.306947,1.202302,el pop
rsvp-image-105,586,rsvp,105,681,text-fragment,text-fragment,false,assets/images/rsvp/text-fragment-root-681-52c1d23d.png,rsvp-image-105,52c1d23de8a364080e52b94ea38a737d756f69aa1ef63de7b4b2b70bf8d8202d,6,9,45.900967,64.14851,1.223965,1.186018,el pop
rsvp-image-106,587,rsvp,106,682,repeated-payload,text-fragment,true,assets/images/rsvp/text-fragment-root-679-d70d99aa.png,rsvp-image-103,d70d99aa1ce4c6e8289a8102dcbbf6492e11101b2fdc4a2c0753c00b3e65e541,1,1,47.416328,65.172447,0.228196,0.16284,el pop
rsvp-image-107,588,rsvp,107,683,text-fragment,text-fragment,false,assets/images/rsvp/text-fragment-root-683-2560e859.png,rsvp-image-107,2560e859460efc9771f46e16618f648b5e4bfbd3aa7a7b8983fee9d8066072ce,6,9,47.909632,64.14851,1.174177,1.186018,el pop
rsvp-image-108,589,rsvp,108,684,repeated-payload,text-fragment,true,assets/images/rsvp/text-fragment-root-680-d19941c6.png,rsvp-image-104,d19941c6303404e011ee15821fc30d3b4fd8860d2dfa2c12422acebf5ebd7fa7,7,9,49.337764,64.14851,1.306947,1.202302,el pop
rsvp-image-109,590,rsvp,109,685,repeated-payload,text-fragment,true,assets/images/rsvp/text-fragment-root-683-2560e859.png,rsvp-image-107,2560e859460efc9771f46e16618f648b5e4bfbd3aa7a7b8983fee9d8066072ce,6,9,50.87085,64.14851,1.174177,1.186018,el pop
rsvp-image-110,591,rsvp,110,686,text-fragment,text-fragment,false,assets/images/rsvp/text-fragment-root-686-e078bd3f.png,rsvp-image-110,e078bd3ff980db141967c5a218e3e049731072f71a85ee390a512c552a61228c,6,9,52.248994,64.165445,1.223965,1.186018,el pop
rsvp-image-111,592,rsvp,111,687,text-fragment,text-fragment,false,assets/images/rsvp/text-fragment-root-687-eb7cd5ef.png,rsvp-image-111,eb7cd5ef0a7284fc6b56fff5b12cf8904a5d2f355b9cf63d14d5881b836c32e4,3,12,53.59846,64.115942,0.510332,1.552412,el pop
rsvp-image-112,593,rsvp,112,688,repeated-payload,text-fragment,true,assets/images/rsvp/text-fragment-root-679-d70d99aa.png,rsvp-image-103,d70d99aa1ce4c6e8289a8102dcbbf6492e11101b2fdc4a2c0753c00b3e65e541,1,1,54.54225,65.172447,0.228196,0.16284,el pop
rsvp-image-113,594,rsvp,113,689,repeated-payload,text-fragment,true,assets/images/rsvp/text-fragment-root-590-007c4082.png,rsvp-image-028,007c4082b9b8c4d08bf28078ffaa7b3fe6473aa2940afaacc32a76d6609185df,12,9,40.815774,69.894805,2.373256,1.169734,el pop
rsvp-image-114,595,rsvp,114,690,repeated-payload,text-fragment,true,assets/images/rsvp/text-fragment-root-602-87332994.png,rsvp-image-038,8733299448dfac967667e579157a6a5c12d5307cea466afc191a87a839378dbd,1,9,43.510125,69.894805,0.203302,1.169734,el pop
rsvp-image-115,596,rsvp,115,691,repeated-payload,text-fragment,true,assets/images/rsvp/text-fragment-root-603-ca170aa1.png,rsvp-image-039,ca170aa1ba0f89657d60be2f073c42774795b2476a70ac532396943d528717b2,6,9,44.029319,69.894805,1.124388,1.169734,el pop
rsvp-image-116,597,rsvp,116,692,repeated-payload,text-fragment,true,assets/images/rsvp/text-fragment-root-620-1f1abf3c.png,rsvp-image-054,1f1abf3c9571f894ee5ce894bdd77916c103a1aa7a8a0385db017d3d21f0f3e9,7,9,45.457451,69.894805,1.352587,1.169734,el pop
rsvp-image-117,598,rsvp,117,694,repeated-payload,text-fragment,true,assets/images/rsvp/text-fragment-root-612-016dd32b.png,rsvp-image-046,016dd32b5aa9e711d68d9a513392e65f108fb0a5cd1a48ed7cbcf4f953805765,5,9,48.007815,69.894805,0.896192,1.169734,el pop
rsvp-image-118,599,rsvp,118,695,repeated-payload,text-fragment,true,assets/images/rsvp/text-fragment-root-597-0f5f9dbe.png,rsvp-image-034,0f5f9dbee4312c44b4c72856fffa6c6b2a577bc8c0d997042ef79913c257c7f1,9,9,49.132436,69.87787,1.842173,1.202302,el pop
rsvp-image-119,600,rsvp,119,696,repeated-payload,text-fragment,true,assets/images/rsvp/text-fragment-root-670-49edcc40.png,rsvp-image-096,49edcc402a5986ccfeafa0539786e852aad3bcf569bc5e9a5b4df4d68524eb93,7,9,51.175555,69.894805,1.431418,1.169734,el pop
rsvp-image-120,601,rsvp,120,697,repeated-payload,text-fragment,true,assets/images/rsvp/text-fragment-root-591-ac6daaa5.png,rsvp-image-029,ac6daaa5cf63cc4855a466779f53a953343ed1485888858516e2dac443f4e2c7,5,9,52.909786,69.894805,0.970875,1.169734,el pop
rsvp-image-121,602,rsvp,121,698,repeated-payload,text-fragment,true,assets/images/rsvp/text-fragment-root-592-9a492c32.png,rsvp-image-030,9a492c32aa6046bc8e6fbd3fbeaca4246ffad580a9ff896de975aefec81eb26e,2,3,54.137769,70.901808,0.369265,0.385387,el pop
rsvp-image-122,603,rsvp,122,699,repeated-payload,text-fragment,true,assets/images/rsvp/text-fragment-root-612-016dd32b.png,rsvp-image-046,016dd32b5aa9e711d68d9a513392e65f108fb0a5cd1a48ed7cbcf4f953805765,5,9,37.579126,72.759485,0.896192,1.169734,el pop
rsvp-image-123,604,rsvp,123,700,repeated-payload,text-fragment,true,assets/images/rsvp/text-fragment-root-616-fd93b29d.png,rsvp-image-050,fd93b29d42ed90dd8c5d84e7d649a19ff61ea106c82a4118c418fa2bbfc1b30e,8,9,38.612535,72.759485,1.609826,1.169734,el pop
rsvp-image-124,605,rsvp,124,701,repeated-payload,text-fragment,true,assets/images/rsvp/text-fragment-root-593-11d7df00.png,rsvp-image-031,11d7df00d6b3ea3720b09c8d38a2937535def5ceb39cfaaf984eea965814ca73,7,9,40.512064,72.759485,1.302798,1.169734,el pop
rsvp-image-125,606,rsvp,125,702,repeated-payload,text-fragment,true,assets/images/rsvp/text-fragment-root-616-fd93b29d.png,rsvp-image-050,fd93b29d42ed90dd8c5d84e7d649a19ff61ea106c82a4118c418fa2bbfc1b30e,8,9,41.877064,72.759485,1.609826,1.169734,el pop
rsvp-image-126,607,rsvp,126,704,text-fragment,text-fragment,false,assets/images/rsvp/text-fragment-root-704-7850017c.png,rsvp-image-126,7850017c3cbcb65e902af8b955ac0dfcc8499797a74d72edfb78dd4237f3213b,8,9,44.378834,72.74255,1.493653,1.202302,el pop
rsvp-image-127,608,rsvp,127,706,repeated-payload,text-fragment,true,assets/images/rsvp/text-fragment-root-644-77ae8fa0.png,rsvp-image-074,77ae8fa06c436ffe3ddbe857e381185dd3c3d2b73f46f601eb5575348f7ce4b3,7,9,46.633853,72.759485,1.352587,1.169734,el pop
rsvp-image-128,609,rsvp,128,707,repeated-payload,text-fragment,true,assets/images/rsvp/text-fragment-root-597-0f5f9dbe.png,rsvp-image-034,0f5f9dbee4312c44b4c72856fffa6c6b2a577bc8c0d997042ef79913c257c7f1,9,9,48.165943,72.74255,1.842173,1.202302,el pop
rsvp-image-129,610,rsvp,129,708,repeated-payload,text-fragment,true,assets/images/rsvp/text-fragment-root-646-621eec1d.png,rsvp-image-076,621eec1d12c89a5e5463a33336259d657cf5d4bf2cec04b91241f660e227f3a5,7,9,50.362609,72.759485,1.34014,1.186018,el pop
rsvp-image-130,611,rsvp,130,709,repeated-payload,text-fragment,true,assets/images/rsvp/text-fragment-root-596-2f9a3df9.png,rsvp-image-033,2f9a3df92a3225e6e77ae66268f64cca0bacd532663adfd981f5820915a4ed94,6,9,52.045459,72.74255,1.178327,1.202302,el pop
rsvp-image-131,612,rsvp,131,710,repeated-payload,text-fragment,true,assets/images/rsvp/text-fragment-root-596-2f9a3df9.png,rsvp-image-033,2f9a3df92a3225e6e77ae66268f64cca0bacd532663adfd981f5820915a4ed94,6,9,53.478769,72.74255,1.178327,1.202302,el pop
rsvp-image-132,613,rsvp,132,711,repeated-payload,text-fragment,true,assets/images/rsvp/text-fragment-root-591-ac6daaa5.png,rsvp-image-029,ac6daaa5cf63cc4855a466779f53a953343ed1485888858516e2dac443f4e2c7,5,9,55.024003,72.759485,0.970875,1.169734,el pop
rsvp-image-133,614,rsvp,133,712,text-fragment,text-fragment,false,assets/images/rsvp/text-fragment-root-712-27963e11.png,rsvp-image-133,27963e112500dead96f48100ae77cdaff727de3527af42b91b10740072f58174,4,9,56.401351,72.759485,0.842255,1.169734,el pop
